,_id,text,orig_gender
0,train46,who plays the queen of thorns in game of thrones,f
1,train80,what is the name of ramaiya vastavaiya heroine,f
2,train108,what is the name of lady dedlock's illegitimate daughter in bleak house,f
3,train116,who strangled susan's daughter in desperate housewives,f
4,train131,who plays rizzoli's mother on rizzoli & isles,f
5,train167,who was born in 2 halves to 2 different mothers in mahabharat,f
6,train301,who plays sam's girlfriend on game of thrones,f
7,train389,who does the voice of grandma in moana,f
8,train418,who played robert's mother on grace and frankie,f
9,train429,what is the name of the scotty dog in lady and the tramp,f
10,train464,who plays rusty's mom on major crimes,f
11,train531,who plays the crocodile in the princess and the frog,f
12,train594,who played mel gibson's youngest daughter in the patriot,f
13,train614,who played maggie on how i met your mother,f
14,train647,who was the girl in dancing in the dark video,f
15,train683,who plays stella in how i met your mother,f
16,train708,who is the girl from brenda's got a baby video,f
17,train726,who is the little girl on we bought a zoo,f
18,train820,who is the female author of silent spring,f
19,train834,shawn mendes there's nothing holding me back girl name,f
20,train865,who plays shannon on how i met your mother,f
21,train871,girl who plays in guardians of the galaxy,f
22,train944,who plays matt's wife on 7th heaven,f
23,train958,who is the girl on slaughter album cover,f
24,train969,who played quincy's wife in the last ship,f
25,train974,where did the band name queen come from,f
26,train975,who was the woman that lived with the gorillas,f
27,train997,who put the overalls in mrs murphy's chowder,f
28,train1047,who wrote the song my woman my woman my wife,f
29,train1049,who is the girl on the autonation commercial,f
30,train1120,who played alan bennett's mother in the lady in the van,f
31,train1280,who sings come back when you grow up girl,f
32,train1312,who played ms pearly on friday after next,f
33,train1396,who played phoebe's brother's wife on friends,f
34,train1400,who is the actress that played princess leia,f
35,train1407,who won last year's women's world cup,f
36,train1427,who played the lady in choo choo soul,f
37,train1437,who is dawn married to in real housewives of cheshire,f
38,train1512,who plays perseus mother in clash of the titans,f
39,train1557,who plays zoey how i met your mother,f
40,train1571,who plays the sister in guardians of the galaxy,f
41,train1592,who wrote the song this girl is on fire,f
42,train1608,who plays the exorcist girl in scary movie 2,f
43,train1633,who plays jonathan's mom in hotel transylvania 2,f
44,train1639,who is the first foreign born first lady,f
45,train1665,who sang. she flies like a bird in the sky,f
46,train1694,what was blondies name before she married dagwood,f
47,train1713,who played coach boone wife in remember the titans,f
48,train1730,who is the girl that sings oceans where feet may fail,f
49,train1747,who was the first woman to land a triple axle at the olympics,f
50,train1819,who is the actress that became a nun,f
51,train1834,who sang most beautiful girl in the world,f
52,train1852,who sings i'm not that girl in wicked,f
53,train1881,who plays lily on how i met your mother,f
54,train1956,who is mrs x in the nanny diaries,f
55,train1960,who plays quinn in how i met your mother,f
56,train1961,who is im in love with a church girl based on,f
57,train1964,who played john wayne's daughter in mcclintock,f
58,train1972,who was glumdalclitch how did she help gulliver,f
59,train1980,who is the actress of the new wonder woman,f
60,train2009,who played derek's sister on grey's anatomy,f
61,train2099,who played the wicked witch on wizard of oz,f
62,train2128,who is the movie girl in the box based on,f
63,train2170,who played curly watts wife in coronation street,f
64,train2225,who does julie andrews play in princess diaries,f
65,train2304,american female singer who died in a plane crash,f
66,train2313,who wrote the melody to god save the queen,f
67,train2350,who played jim lovell's daughter in apollo 13,f
68,train2353,who was the mother on lost in space,f
69,train2361,who does princess maria marry in war and peace,f
70,train2366,who played the oldest daughter on the nanny,f
71,train2386,who plays jay's ex wife on modern family,f
72,train2436,who sings give me some kind of sign girl,f
73,train2504,what is coach's real name new girl,f
74,train2523,who played mother on little house on the prairie,f
75,train2536,who is the actress that plays claire on outlander,f
76,train2538,who plays kyle's mother in csi miami,f
77,train2569,who owns the mother lode mine in mccarthy alaska,f
78,train2590,who plays will on girlfriends guide to divorce,f
79,train2613,who played tony and ziva's daughter on ncis,f
80,train2619,who was the asian fly girl on in living color,f
81,train2623,who plays the wildling girl in game of thrones,f
82,train2625,who plays ares in the movie wonder woman,f
83,train2672,who painted the lady with the pearl earring,f
84,train2683,who plays sheldons girlfriend on big bang theory,f
85,train2690,who marries ted in how i met your mother,f
86,train2699,who was originally offered the role of pretty woman,f
87,train2740,who plays the grandmother in switched at birth,f
88,train2795,who played queen victoria in the tv series,f
89,train2897,who played sophie in the original mama mia,f
90,train2906,surname of woman who owns pie shop in sweeny todd,f
91,train2933,who played the mom in diary of a wimpy kid,f
92,train3003,who is the actress that plays hope on the bold and the beautiful,f
93,train3006,who played the girl in true grit with john wayne,f
94,train3012,who plays the blue lady in the fifth element,f
95,train3046,who played sister mary eunice in american horror story,f
96,train3051,who plays alice's mom in home again,f
97,train3114,who played mother superior in sound of music movie,f
98,train3127,who wrote mrs dalloway and a room of one s own,f
99,train3129,who played mrs garrett on the facts of life,f
100,train3191,who played hotchner's wife in criminal minds,f
101,train3207,who wrote the girl who played with fire,f
102,train3215,who played the bishop in the bishop's wife,f
103,train3243,who plays toby's wife on west wing,f
104,train3278,who is jake's mom in the dark tower,f
105,train3317,who sings the song she from notting hill,f
106,train3382,actress who plays jill on the young and the restless,f
107,train3394,who started the women's suffrage movement in canada,f
108,train3420,who was the girl who played judy on leave it to beaver,f
109,train3463,who plays sheldon's mom in big bang theory,f
110,train3473,who sang the song she wears my ring,f
111,train3511,who played the daughter in everybody loves raymond,f
112,train3514,who played colleen in dr quinn medicine woman,f
113,train3523,who does mrs puff's voice on spongebob,f
114,train3651,who plays the red queen in resident evil,f
115,train3677,who plays the spanish girl in orange is the new black,f
116,train3695,who was the only female prime minister of canada,f
117,train3706,who sings the song a girl like you,f
118,train3710,who plays tim mcgee's girlfriend on ncis,f
119,train3760,who plays stifler's mom in american pie,f
120,train3795,who played melinda gordon's mother on ghost whisperer,f
121,train3814,who played robin on how i met your mother,f
122,train3822,who is the actress that played kimmy gibbler on full house,f
123,train3842,who sings youre gonna miss me when im gone,f
124,train3907,who sang the songs in coal miner's daughter,f
125,train3937,who plays the little girl in return to oz,f
126,train3948,who sang oh happy day in sister act 2,f
127,train3963,who played mrs buckminster on how i met your mother,f
128,train4042,actress who starred in films including pretty woman and notting hill,f
129,train4058,who played jeremy on here comes the brides,f
130,train4063,who wrote the lyrics to my fair lady,f
131,train4135,who played george's girlfriend susan on seinfeld,f
132,train4152,who is the surfer who lost her arm,f
133,train4153,who wrote speak to a girl by tim mcgraw,f
134,train4195,who plays reid's mom on criminal minds,f
135,train4278,who sang im in love with the other woman,f
136,train4281,who sang the song hey there lonely girl,f
137,train4311,actress who plays dr obrecht on general hospital,f
138,train4323,who plays jason the investigator on the good wife,f
139,train4329,who is the girl in when i'm gone,f
140,train4375,who played rachel's sister amy on friends,f
141,train4384,who plays the girl in the 5th wave,f
142,train4432,who played wonder woman's mother on the tv series,f
143,train4445,who is considered the mother of philippine folklore,f
144,train4482,who played ben matlock's daughter on matlock,f
145,train4489,from which body part shurpnakha drive her name,f
146,train4492,who is the little girl in august rush,f
147,train4548,who plays greg's mom in the long haul,f
148,train4637,who is the actress that plays pepper on american horror story,f
149,train4729,who played miley's mom on hannah montana,f
150,train4751,who sings grandma got run over by a reindeer lyrics,f
151,train4794,the girl who was shot for going to school,f
152,train4816,who played the role of sakshi in ms dhoni,f
153,train4829,who plays leonard on sabrina the teenage witch,f
154,train4838,who is the quote though she be but little she is fierce about,f
155,train4933,who plays hershel's daughter on walking dead,f
156,train4943,who played the wife on mcmillan & wife,f
157,train4946,who is the actress of harley quinn in suicide squad,f
158,train5005,who is the girl in justin timberlake what goes around comes around,f
159,train5011,who is the girl cop in super troopers,f
160,train5051,who played laura palmer's mother on twin peaks,f
161,train5055,who was the greatest female athlete of the first half of the 20th century as voted by the ap,f
162,train5060,who plays the girl in a knight's tale,f
163,train5066,who plays the little girl on remember the titans,f
164,train5090,what is bella off twilight's daughters name,f
165,train5119,who is the girl in one call away,f
166,train5124,who did blair end up with in gossip girl,f
167,train5125,who played the girl in journey 2 the mysterious island,f
168,train5152,who won the first ever women's rugby world cup,f
169,train5201,who plays hunter grandmother in home and away,f
170,train5270,who plays stacey in stacy's mom music video,f
171,train5276,who played the mother in the thorn birds,f
172,train5314,who was the actress that played aunt bea,f
173,train5324,what is the real name of scarlet witch,f
174,train5328,who is the most awarded actress of all time,f
175,train5356,who plays lucious lyon's mother on empire,f
176,train5418,who played steve mcdonald's wife in coronation street,f
177,train5436,who was the actress in dancing with wolves,f
178,train5564,who is the little black girl on full house,f
179,train5666,who plays amy's mother in everybody loves raymond,f
180,train5702,who plays john kramer's wife in saw,f
181,train5715,what is the girl ducks name in ducktales,f
182,train5822,who plays jess's sister in bridge to terabithia,f
183,train5873,who is the bella twins mother married to,f
184,train5900,who played the daughter in national lampoon's christmas vacation,f
185,train5976,who played snow queen in once upon a time,f
186,train6089,who plays the sister in home alone 3,f
187,train6103,who was the first female medal of honor recipient,f
188,train6122,who sang the song she blinded me with science,f
189,train6255,who is the queen in star wars episode 1,f
190,train6274,who plays the wife of the president on designated survivor,f
191,train6284,what does the name eden mean for a girl,f
192,train6327,who is the lady that does the progressive insurance commercials,f
193,train6385,who is the actress that played 7 of 9 on star trek,f
194,train6420,who played simon barlow's mother in coronation street,f
195,train6422,who does the little girl voice in despicable me,f
196,train6454,who sings paint it black in the last witch hunter,f
197,train6557,who plays young cece rhodes in gossip girl,f
198,train6576,who played the black girl in imitation of life,f
199,train6630,who plays pipers mom on orange is the new black,f
200,train6709,who plays the fairy god mother in shrek 2,f
201,train6764,who is the girl in guns n roses,f
202,train6813,who is the first female supreme court chief justice,f
203,train6891,actress who played scout to kill a mockingbird,f
204,train6950,who is the actress that plays alice in twilight,f
205,train6957,who was the first african american woman to serve in the senate,f
206,train6975,who is the actress of hate story 2,f
207,train7072,who played guitar on mama i'm coming home,f
208,train7093,who wrote all she wants to do is dance,f
209,train7102,actress who plays rose in the last jedi,f
210,train7168,who plays steph's mom on the fosters,f
211,train7218,who plays the female lead in the movie raam leela,f
212,train7264,who does the singing in queen of the damned,f
213,train7266,what is the local name of the philippine mouse deer,f
214,train7283,who plays barney from how i met your mother,f
215,train7288,who is the actress that plays daphne on switched at birth,f
216,train7332,who played aunt pittypat in gone with the wind,f
217,train7377,who wrote the song girl you'll be a woman soon,f
218,train7462,who won wimbledon women's singles champion 2014,f
219,train7478,who is the couple in how i met your mother,f
220,train7488,who is the original singer of you're gonna miss me when i'm gone,f
221,train7552,who played the role of the mother in the film mother india,f
222,train7562,who did paris say was the most beautiful goddess,f
223,train7583,who plays miss summers on switched at birth,f
224,train7676,who plays the mom in the fault in our stars,f
225,train7704,who gets pregnant on gossip girl season 5,f
226,train7714,who sang me and mrs jones original version,f
227,train7765,who is the first woman president of india national congress,f
228,train7771,who played diva plavalaguna in the fifth element,f
229,train7796,who was the queen of england in 1890,f
230,train7799,who plays the pigeon lady in home alone,f
231,train7846,what is the name of the princess in frozen,f
232,train7868,who played the little girl mermaid in splash,f
233,train7902,who won women's cricket world cup 2018,f
234,train7943,who is the actress who plays the mayor in blue bloods,f
235,train7947,who was the first woman to win the academy award for best adapted screenplay,f
236,train8051,who started the fire at rick's on desperate housewives,f
237,train8086,who killed the flash's mother in the comics,f
238,train8088,who is the girl that does the capital one commercial,f
239,train8134,what episode does sister jude sing the name game,f
240,train8168,who is the actress that plays donna on suits,f
241,train8211,who plays denis leary's girlfriend in animal kingdom,f
242,train8222,who plays michael's mother in prison break,f
243,train8239,who plays dr turner's wife in call the midwife,f
244,train8268,who sang i wish i had jessie's girl,f
245,train8271,who is the old woman in the shining,f
246,train8315,who was the first african american woman elected to congress,f
247,train8323,who is the actress that plays elizabeth on general hospital,f
248,train8343,who plays devoe's wife in the flash,f
249,train8358,who played oz wife in auf wiedersehen pet,f
250,train8390,who played the mom on the brady bunch,f
251,train8397,who played jesse's wife on full house,f
252,train8404,where is the girl who silenced the world for 5 minutes,f
253,train8408,who won the women's 2017 us open,f
254,train8441,who is known as the blue eyed miss india,f
255,train8517,who was the mom on 8 is enough,f
256,train8531,who plays earl's wife in my name is earl,f
257,train8549,who sings the song spooky little girl like you,f
258,train8569,who is the actress that plays nurse jackie,f
259,train8575,who won the women's cricket world cup,f
260,train8641,who plays the female lead in the 2016 film the accountant,f
261,train8657,who sang mother of mine on opportunity knocks,f
262,train8658,who gave women's right to vote first,f
263,train8685,who is the girl in the video i don't want this night to end,f
264,train8745,who plays samson's mom in the movie samson,f
265,train8765,who was the first woman elected to the accounting hall of fame,f
266,train8811,who was the girl that played punky brewster,f
267,train8835,who was carol from new york housewives married to,f
268,train8858,who played gary ewing's wife on knots landing,f
269,train8937,who plays victoria on how i met your mother,f
270,train9015,actress who played star on one life to live,f
271,train9032,who is the actress in meet joe black,f
272,train9066,who is the actress that played paris in my big fat greek wedding 2,f
273,train9150,who is the actress that plays cersei on game of thrones,f
274,train9179,who sang hey girl don't bother me,f
275,train9181,who killed henry in the time traveler's wife,f
276,train9213,who has won the title of miss india 2017,f
277,train9223,who wrote the song don't take the girl,f
278,train9305,who played roy croppers mother in coronation street,f
279,train9316,who sang i don't want to miss a thing first,f
280,train9411,who wrote the girl with the dragon tattoo,f
281,train9451,who played brad in how i met your mother,f
282,train9509,who plays the daughter in garage sale mysteries,f
283,train9523,who is jason's real mother on general hospital,f
284,train9560,who plays miriam in a discovery of witches,f
285,train9582,who played the little girl in the movie matilda,f
286,train9590,who plays goddess of love in gods of egypt,f
287,train9619,who played the robot girl in small wonder,f
288,train9705,who plays nick on how i met your mother,f
289,train9741,who is the first lady pilot in india,f
290,train9890,who wins the femina miss india 2018 title,f
291,train9985,who plays mcnulty's wife in the wire,f
292,train10014,who is the actress in the new fbi series,f
293,train10032,who plays gretchen's sister in prison break,f
294,train10066,who is the actress who plays faith in emmerdale,f
295,train10069,whos the green witch in once upon a time,f
296,train10097,who was the first woman to summit mount everest,f
297,train10141,who played donna's mom on that 70's show,f
298,train10147,who played the girl in bad news bears,f
299,train10241,who plays the trumpet in the princess and the frog,f
300,train10273,who win the miss universe title in 2016,f
301,train10316,who played cloud dancing on dr. quinn medicine woman,f
302,train10331,who wrote if i was a carpenter and you were a lady,f
303,train10361,who is the lady that does the at&t commercials,f
304,train10375,who played ellery queen in the tv series,f
305,train10435,who played the mother in ya ya sisterhood,f
306,train10454,who played james kirk's mother in star trek,f
307,train10489,who played baby's mom in dirty dancing 2017,f
308,train10490,who sings i got a meeting in the ladies room,f
309,train10526,who played the girl with the dragon tattoo actress,f
310,train10591,queen of the iceni who revolted against the romans codycross,f
311,train10597,who does rory have her first time with,f
312,train10655,who is the actress that plays queenie on shameless,f
313,train10725,who played chloe on how i met your mother,f
314,train10741,name of actress in tere naal love ho gaya,f
315,train10763,who won the women's doubles in miami,f
316,train10768,who plays mike's mother in mike and molly,f
317,train10822,who played ice cubes daughter in 22 jump street,f
318,train10841,where did the wife beater get its name,f
319,train10842,who plays miss honey in the movie matilda,f
320,train10882,who played mrs. landers on leave it to beaver,f
321,train10890,who won the women's world curling championship,f
322,train10903,who played the nuns in cannonball run 2,f
323,train10920,who is the female singer on fooled around and fell in love,f
324,train10956,who is the goddess of love in egypt,f
325,train10986,who is the little girl in war of the worlds,f
326,train11027,who plays mom in the tv show mom,f
327,train11039,who played the borg queen in star trek voyager,f
328,train11107,what is the name of sanam re movie heroine,f
329,train11114,who plays chloe the copy girl on friends,f
330,train11119,what is the name of the girl in clifford the big red dog,f
331,train11132,who plays russell crowe's wife in gladiator,f
332,train11155,who plays mark wahlberg's wife in deepwater horizon,f
333,train11160,who plays maura's mom on rizzoli and isles,f
334,train11175,who is the actress of thugs of hindustan,f
335,train11253,who is she in coming round the mountain,f
336,train11285,who does allison janney play in girl on the train,f
337,train11293,who is the actress who plays sybil in downton abbey,f
338,train11296,who played bree van de kamp in desperate housewives,f
339,train11323,who played harrison ford's wife in air force one,f
340,train11346,who plays the queen of hearts in alice in wonderland,f
341,train11398,who was the voice of mrs bates in psycho,f
342,train11433,who played moses wife in the 10 commandments,f
343,train11446,who is the actor that plays nate in gossip girl,f
344,train11545,who plays spencer's mother on pretty little liars,f
345,train11596,who is the spice girl on america got talent,f
346,train11599,who played the mom in the princess bride,f
347,train11651,who is the woman in next to me by imagine dragons,f
348,train11661,who was the first woman to dunk in the wnba,f
349,train11682,who sang i saw mama kissing santa claus,f
350,train11700,who played the elf princess in lord of the rings,f
351,train11799,who plays avery keller in a girl like her,f
352,train11840,who won the ncaa women's lacrosse championship,f
353,train11844,woman who jumped off the empire state building,f
354,train11850,who is the first indian woman to climb the mount everest,f
355,train11865,who played lou grant's wife on mary tyler moore,f
356,train11929,who wrote the song the girl is mine,f
357,train11946,who plays the hot maid in american horror story,f
358,train11982,who played the mother of rose in titanic,f
359,train11992,who does aslan represent in the lion the witch and the wardrobe,f
360,train12014,who was the first india born woman nasa astronaut,f
361,train12133,who played sister mary robert in sister act,f
362,train12161,who plays mama hattie on love thy neighbor,f
363,train12187,where did the name widows peak come from,f
364,train12191,who played mark sloan's daughter on grey's anatomy,f
365,train12199,who played the daughter of darlene on roseanne,f
366,train12214,who has sold the most girl scout cookies,f
367,train12232,who won the women's 100m sprint in the 2016 olympics,f
368,train12249,who sleeps with stifler's mom in american pie,f
369,train12260,who plays the wicked witch in once upon a time,f
370,train12261,who was jason's mom on growing pains,f
371,train12400,who is the girl that plays jane the virgin,f
372,train12439,who got the oscar for best actress 2018,f
373,train12534,who sang the song you make me feel like a natural woman,f
374,train12598,who was the original lead singer of iron maiden,f
375,train12600,who was the first female president of indian national congress,f
376,train12606,what is the name of the dragon girl in game of thrones,f
377,train12627,who plays julia roberts sister in something to talk about,f
378,train12630,who plays oliver queen's mom in arrow,f
379,train12634,who is mary mother of james and joseph,f
380,train12654,ok google who is the new miss universe,f
381,train12655,who played maid marian in robin hood tv series,f
382,train12664,who plays the red queen on game of thrones,f
383,train12752,what is the name bastian gives the empress,f
384,train12771,who is the girl captain america saves in avengers,f
385,train12779,who was the last woman hung in england,f
386,train12795,christmas movie about a little girl who lives in a hotel,f
387,train12819,who sings this lullaby queens of the stone age,f
388,train12838,who played lady crane in game of thrones,f
389,train12852,who played robb stark's wife in game of thrones,f
390,train12867,who made the song i kissed a girl,f
391,train12899,who played the girl in karate kid 3,f
392,train12965,who is the first woman governor in india,f
393,train12982,who formed the women's section of the air transport auxiliary in britain,f
394,train12996,who is the girl in the vermilion video,f
395,train13109,what is the name of princess aurora kingdom,f
396,train13119,iss pyaar ko kya naam du 2 actress name,f
397,train13161,who is considered as the first film actress of sinhala cinema,f
398,train13180,who is the girl who plays young maleficent,f
399,train13200,who was the god of war in wonder woman,f
400,train13207,who killed billy hope's wife in southpaw,f
401,train13256,who is the actress who plays belle in once upon a time,f
402,train13278,who is known as iron woman of india,f
403,train13281,who is the girl in the way you make me feel video,f
404,train13303,who plays harry potter's mom in the films,f
405,train13313,who is the girl in joe video i wanna know,f
406,train13332,who played joey bishop's wife in the joey bishop show,f
407,train13380,who played joey's sister cookie on friends,f
408,train13388,who won the us open tennis women's singles championship in 2013,f
409,train13398,who is the actress that plays abigail on days of our lives,f
410,train13479,who played the female lead role in the movie 'pakeezah',f
411,train13482,who sings tequila makes her cloths fall off,f
412,train13568,who does the voice of princess jasmine in aladdin,f
413,train13589,who is the wife in tender is the night,f
414,train13664,who sang black magic woman with carlos santana,f
415,train13707,what is the botanical name of lady finger,f
416,train13731,actress who plays maxie jones on general hospital,f
417,train13759,who was 5 colours in her hair written about,f
418,train13816,who played mrs davis on our miss brooks,f
419,train13831,who is the actress that plays red on orange is the new black,f
420,train13869,who is the actress who plays hannah baker,f
421,train13939,who wrote something in the way she moves,f
422,train13943,who wrote long tall woman in a black dress,f
423,train13984,whos the old lady in fried green tomatoes,f
424,train14031,who was the actress that played rizzo in grease,f
425,train14059,who is representing the united states in the miss universe pageant,f
426,train14086,who played mrs oleson on little house on the prairie,f
427,train14117,who sang little miss can't be wrong,f
428,train14215,who plays the tyrell grandmother on game of thrones,f
429,train14234,who played general custer on dr quinn medicine woman,f
430,train14330,who plays the ice queen in the lion the witch and the wardrobe,f
431,train14344,who plays the sister in to the bone,f
432,train14400,who sings she dont love you she's just lonely,f
433,train14440,who won women's title of 2016 icc world t20,f
434,train14495,who is the girl that sings with eddie money in take me home tonight,f
435,train14539,who plays charlies ex wife on anger management,f
436,train14569,who plays cinderella's mother in the 2015 movie,f
437,train14629,who is also known as the lady with the lamp,f
438,train14635,who played quarks mom on deep space nine,f
439,train14655,who played bruce willis's girlfriend in pulp fiction,f
440,train14772,who is the actress who plays linda on blue bloods,f
441,train14805,transformers the revenge of the fallen heroine name,f
442,train14846,who played the young diana in wonder woman,f
443,train14876,who plays the nun in rush hour 3,f
444,train14901,who is theo's mother on days of our lives,f
445,train14904,who is the actress that plays queen mary in reign,f
446,train15010,who wrote born this way by lady gaga,f
447,train15207,who was the first woman who ran for vice president,f
448,train15219,who sang she got the goldmine i got the shaft,f
449,train15225,who played mollys sister in mike and molly,f
450,train15228,who is the girl singing in drake in my feelings,f
451,train15235,who played will gardner on the good wife,f
452,train15340,who played sandra bullocks daughters in practical magic,f
453,train15384,who was sad eyed lady of the lowlands written about,f
454,train15395,what is the moms name in everything everything,f
455,train15419,actress who plays caroline on bold and beautiful,f
456,train15539,who is the actress that plays in timeless,f
457,train15607,who played the mom on wizards of waverly place,f
458,train15615,where did the band name lady antebellum come from,f
459,train15687,what is the name of heroine in bengal tiger,f
460,train15716,how old is the actress who plays murphy brown,f
461,train15733,who was the first woman to be elected to parliament in australia,f
462,train15742,who played kevin's mom in home alone,f
463,train15780,who sang long legged woman dressed in black,f
464,train15785,who won the wimbledon women's singles title in 1994,f
465,train15788,who plays edmund in the lion the witch and the wardrobe,f
466,train15840,who was declared as the winner of the national award for the best actress in 2018,f
467,train15861,who plays canes mother on the young and the restless,f
468,train15877,who played debbie in the bishop's wife,f
469,train15886,businesswoman who is the presenter of the hotel inspector,f
470,train15897,who played betty in some mothers do have them,f
471,train15923,whos the girl in the basement in don't breathe,f
472,train15999,who is the woman that sings with meatloaf,f
473,train16001,who became india's first woman ips officer,f
474,train16003,who was the girl that played tony's daughter,f
475,train16010,who said goodnight mrs. calabash wherever you are,f
476,train16064,who played the female lead in the film pushpak,f
477,train16173,who is the female dancer in dirty dancing,f
478,train16187,who plays the call girl in west wing,f
479,train16209,who plays richard harrow sister on boardwalk empire,f
480,train16233,who played vada's mom in my girl 2,f
481,train16263,who is the girl in earned it video,f
482,train16294,who is the big woman in game of thrones,f
483,train16321,what was the name of the titanics sister ship,f
484,train16346,actress who played stephanie in saturday night fever,f
485,train16376,who played tom barnaby's wife in midsomer murders,f
486,train16439,who sang the song jean from the prime of miss jean brodie,f
487,train16502,what is the name of heroine in hindi medium,f
488,train16558,who was the first woman to be nominated for best director at the academy awards,f
489,train16606,who is the actress who plays olivia pope mother,f
490,train16719,who was the maid on the brady bunch,f
491,train16728,who is the queen mary ship named after,f
492,train16869,who was the black lady on star trek,f
493,train16872,who won the raw women's championship at extreme rules,f
494,train16886,who played the mother on what's happening,f
495,train16936,who was the first female african american doctor,f
496,train16949,who is the girl in just hold on we're going home,f
497,train17028,who played quincy in how stella got her groove back,f
498,train17067,who is lips girlfriend in shameless season 7,f
499,train17078,who was the first woman to became the prime minister of a country,f
500,train17132,who plays larrys wife on curb your enthusiasm,f
501,train17134,who plays marlon wayans wife in white chicks,f
502,train17188,who was the actress that played curly sue,f
503,train17217,who was girl on blind faith album cover,f
504,train17219,who is the first lady of the usa,f
505,train17321,who plays rick's wife in walking dead,f
506,train17325,who plays lenny's wife in grown ups,f
507,train17337,who is stephanie's mom on bold and beautiful,f
508,train17351,who plays spencer reid's mother in criminal minds,f
509,train17412,who is the girl in how you remind me,f
510,train17425,who sang the original red roses for a blue lady,f
511,train17427,who plays the mother on two and a half,f
512,train17492,who was the girl that disappeared in aruba,f
513,train17496,who does the voice of korben dallas mother,f
514,train17541,who plays nicholes mother on la to vegas,f
515,train17543,who is the girl that plays 11 on stranger things,f
516,train17558,who plays casey ryback niece in under siege 2,f
517,train17590,who is the goddess of the moon in greek mythology,f
518,train17613,who is the girl in a little piece of heaven,f
519,train17653,who was blackie's girlfriend on general hospital,f
520,train17658,who played tom cruise's wife in mission impossible 3,f
521,train17708,who plays grace in the american girl movie,f
522,train17747,who plays lucy on the tv show mom,f
523,train17762,who is known as the first and last female rules of the delhi sultanate,f
524,train17767,who played the female welder who was a dancer by night in the 1983 movie flashdance,f
525,train17771,who plays chelsea's mom on young and the restless,f
526,train17785,who plays sophie on the marvelous mrs maisel,f
527,train17839,who is the grandmother in the movie gifted,f
528,train17925,who won women's singles at wimbledon 2017,f
529,train18003,who is josh matthews on girl meets world,f
530,train18042,who is the girl in zz top legs video,f
531,train18060,who is the first woman member in rajya sabha,f
532,train18097,who sang i wish i was a princess,f
533,train18119,who is the actress who does the trivago commercials,f
534,train18128,who played mrs edwards on little house on the prairie,f
535,train18147,who is the actress of singh is bling,f
536,train18152,who is the girl in coming to america,f
537,train18166,who plays mrs. conway on house of cards,f
538,train18176,who lost to australia in their first ever women's world cup tournament in 2005,f
539,train18204,who is the elf queen in the hobbit,f
540,train18252,name the first african american woman to receive a dental degree in the united states,f
541,train18318,who is the actress that plays alison in pretty little liars,f
542,train18355,what is the name of the heroine in bharat ane nenu,f
543,train18380,who played anne neville in the white queen,f
544,train18395,who hit the first homerun in minute maid park,f
545,train18414,who wrote the song i'm not going to miss you,f
546,train18449,who said made it ma top of the world,f
547,train18470,who is the first miss universe from india,f
548,train18503,who is the mom in grounded for life,f
549,train18584,who plays nicholas in the princess diaries 2,f
550,train18611,who sings i'm the one your mother warned you about,f
551,train18620,who is the oldest child in queen sugar,f
552,train18632,who plays wendy the waitress in how i met your mother,f
553,train18634,who played rosario on will & grace and is she still alive,f
554,train18638,who plays janine's mom on house of payne,f
555,train18648,who plays the evil queen on once upon a time,f
556,train18675,in greek mythology who was the goddess of spring growth,f
557,train18690,who plays the first lady on house of cards,f
558,train18714,who plays the girl in harry potter and the goblet of fire,f
559,train18724,who is gertrude bell queen of the desert,f
560,train18733,who is the heroine of quit india movement,f
561,train18766,who sings i got a new girl now,f
562,train18774,who plays the mother in a monster calls,f
563,train18778,who plays the mom in everybody loves raymond,f
564,train18782,who was the queen of britain during ww1,f
565,train18803,who plays the little girl in field of dreams,f
566,train18836,who plays the old lady in jackass 2,f
567,train18841,actress who played aunt sally in worzel gummidge,f
568,train18963,who is the girl in the bon jovi it's my life video,f
569,train18970,who was the first woman selected in rajya sabha,f
570,train18975,who is the first miss world in india,f
571,train19009,who played the bird woman in mary poppins,f
572,train19094,who plays leonard's mother on the big bang theory,f
573,train19124,who did the music for wonder woman movie,f
574,train19133,who plays the girl in high school musical,f
575,train19151,who played fish's wife on barney miller,f
576,train19268,what was the phony name that armand and val called their maid agadore during the senator's visit,f
577,train19292,who plays david lee on the good wife,f
578,train19300,who plays robert california's wife on the office,f
579,train19307,who won the women's french open in 2018,f
580,train19321,on general hospital who is spencer cassadine mother,f
581,train19332,who plays camilla vargas in queen of the south,f
582,train19339,who played peter pan's daughter in hook,f
583,train19386,who is the actress who plays felicity in arrow,f
584,train19410,who is the actress that plays kate on this is us,f
585,train19418,who plays aunt carol in dear dumb diary,f
586,train19436,who played the red queen in alice in wonderland,f
587,train19438,who was the girl in what do you mean,f
588,train19447,who was the first woman judge to be appointed chief justice of a high court,f
589,train19480,what is the title for a woman who is not married,f
590,train19504,who is the actress who plays flo in progressive commercials,f
591,train19564,who is the girl that plays haley in modern family,f
592,train19571,who plays sally's sister in coronation street,f
593,train19579,who plays orlando in diary of a mad black woman,f
594,train19586,who plays tara's mom on true blood,f
595,train19630,who played the girl in pirates of the caribbean 5,f
596,train19687,who is the original singer of galway girl,f
597,train19700,who plays jack bauer's daughter on 24,f
598,train19731,who was the borg queen in star trek,f
599,train19735,who made five nights at freddy's sister location,f
600,train19791,who played the mom on a christmas story,f
601,train19877,who was in the bathroom when she won an oscar,f
602,train19878,who wrote the music for ladies in lavender,f
603,train20003,who sings the song i've been waiting for a girl like you,f
604,train20027,who sings the country song i loved her first,f
605,train20064,who played greg's mom on american housewife,f
606,train20117,who was the first woman that ran for president,f
607,train20158,who is the actress that plays callie on the fosters,f
608,train20218,who sings hey baby will you be my girl,f
609,train20232,who played lady penelope in the thunderbirds movie,f
610,train20266,who played the female cop in days of thunder,f
611,train20273,who plays mrs benson on i love lucy,f
612,train20366,what was the roman name for the goddess hecate,f
613,train20377,who played bomber's daughter in auf wiedersehen pet,f
614,train20387,who plays lynette's twins in desperate housewives,f
615,train20409,who played mrs thornton in north and south,f
616,train20549,who sang there no one quite like grandma,f
617,train20554,who sings like the deserts miss the rain,f
618,train20559,actress who plays alice in vicar of dibley,f
619,train20593,who played the borg queen in first contact,f
620,train20601,who played the little girl in all in the family,f
621,train20616,who played loretta lynn in coal miners daughter,f
622,train20639,who was the first person to enter ellis island and what country was she from,f
623,train20705,who played cousin eddie's daughter in vegas vacation,f
624,train20767,who was the girl at the end of oculus,f
625,train20771,who plays miss kate in the next step,f
626,train20904,who sang we gotta get you a woman,f
627,train20973,who wants to be a millionaire host female,f
628,train21043,who played glinda the good witch of the north,f
629,train21090,who was the second lady prime minister of india,f
630,train21196,who is kyle's mom in american horror story,f
631,train21336,who is the girl in the cube itv,f
632,train21370,who is barbie in princess and the pauper,f
633,train21414,who wrote ekbar biday de ma ghure asi,f
634,train21416,who is the girl on the cover of blink 182,f
635,train21418,who plays cat miss ever dean in the hunger games,f
636,train21455,who plays sam gibbs in how i met your mother,f
637,train21518,who played scarlett's mother in gone with the wind,f
638,train21551,who played janet jackson's mom on good times,f
639,train21564,who played the bearded lady on the greatest showman,f
640,train21620,what is the name of the tango song in scent of a woman,f
641,train21727,who sings dont you wish your girlfriend was hot like me,f
642,train21828,who played jim reed's wife on adam 12,f
643,train21877,who does sabrina marry in sabrina the teenage witch,f
644,train21886,who sang diamond girl in the 80's,f
645,train21907,who played jack's mom on 30 rock,f
646,train21920,who was the girl in the aha video,f
647,train21936,name the mother of modern poetry in dogri language,f
648,train21956,who is the girl in always bon jovi,f
649,train21963,who is the mother of jesus in the bible,f
650,train21966,who plays kevin hart girlfriend in ride along,f
651,train22021,who plays mildred hubble in the worst witch,f
652,train22064,who wrote if you could touch her at all,f
653,train22068,who plays jane's grandmother in jane the virgin,f
654,train22111,what was the second mrs de winter's name,f
655,train22119,who played superman's mother in the 1978 movie,f
656,train22133,who is the girl in semisonic closing time video,f
657,train22151,who sang lead on girl don't tell me,f
658,train22198,who sings she only smokes when she drinks,f
659,train22232,who was the lady that wore fruit on her head,f
660,train22251,who plays morgan on sabrina the teenage witch,f
661,train22270,what is the name of actress in munna michael,f
662,train22271,who played the little girl in savannah smiles,f
663,train22338,what's the name of the blonde powerpuff girl,f
664,train22404,who was the girl in the 9th gate,f
665,train22480,who played hey girl on have gun will travel,f
666,train22500,who sang the song she drives me crazy,f
667,train22501,who is the first woman to own a car in nigeria,f
668,train22506,who is the female fbi agent in limitless,f
669,train22551,who plays leonard's girlfriend on the big bang theory,f
670,train22572,how old was the girl who played annie,f
671,train22620,who plays tracy's mom in the original hairspray,f
672,train22630,who sings she ain't worth the whiskey,f
673,train22666,who plays the girl in the elevator in 13 going on 30,f
674,train22744,who was the girl in the movie under siege,f
675,train22755,who is the actress playing mac on young and the restless,f
676,train22849,who sings with lady gaga in just dance,f
677,train22850,who does tom have an affair with desperate housewives,f
678,train22890,who played wendy the waitress on happy days,f
679,train22975,who is the longest reigning nxt women's champion,f
680,train22980,who won the women's ice hockey olympics 2018,f
681,train22989,who plays hannahs mom in pretty little liars,f
682,train23061,who is the girl in run to you video,f
683,train23113,who is joining real housewives of beverly hills,f
684,train23125,who plays selina meyer's daughter on veep,f
685,train23163,who is the girl in transformers dark side of the moon,f
686,train23280,who played ned stark's wife in game of thrones,f
687,train23299,who played arnold schwarzenegger's daughter in commando,f
688,train23308,who played the little girl in the first jurassic park,f
689,train23339,who plays alex's mom in alexa and katie,f
690,train23504,who played lucy's mom on i love lucy,f
691,train23510,who was the first female sportsperson to be awarded padma shri,f
692,train23579,who plays eli gold on the good wife,f
693,train23586,who is the actress who plays victoria on pbs,f
694,train23700,who was the first woman to hike the appalachian trail,f
695,train23818,who kills the queen in game of thrones,f
696,train23837,who became the first air force african american female fighter pilot,f
697,train23922,who sailed in a ship called queen ann's revenge,f
698,train23984,who is the little girl in kal ho na ho,f
699,train24023,who played the mom on the addams family,f
700,train24040,who plays the presidents daughter in independance day,f
701,train24057,who played wife of john abraham in parmanu,f
702,train24068,who played the mom in house of 1000 corpses,f
703,train24090,who is the lady in the t mobile commercials,f
704,train24098,who played the rich girl in urban cowboy,f
705,train24115,who plays the future ghost in ghosts of girlfriends past,f
706,train24168,who plays felicity's mom on the arrow,f
707,train24178,who played matt santos wife on west wing,f
708,train24230,who is the lady that survived the titanic,f
709,train24292,who played ray's mother in the movie ray,f
710,train24304,how old is the actress who plays bobbie on general hospital,f
711,train24357,who played brenda's mom on the closer,f
712,train24412,joanne froggatt coronation street who did she play,f
713,train24419,who plays the female kidnapper in home and away,f
714,train24426,who played sidney poitier's daughter in a warm december,f
715,train24458,who played the daughter on george lopez show,f
716,train24478,who sings lead on i saw her standing there,f
717,train24529,who is the girl in warrant's cherry pie video,f
718,train24566,who plays grandma in don't be a menace,f
719,train24589,who is the actress of liv and maddie,f
720,train24608,who plays carmine falcone's daughter on gotham,f
721,train24691,who was the girl who fell in the well,f
722,train24719,who won the ladies figure skating in sochi,f
723,train24744,who plays the mom on good luck charlie,f
724,train24747,who has held the wwe women's championship title the most,f
725,train24777,actress who played emily walters in the recent movie hampstead,f
726,train24779,who played the little girl on fibber mcgee and molly,f
727,train24780,who is the girl in theory of a deadman so happy video,f
728,train24832,tv show about three magical sisters who battle against the forces of evil,f
729,train24935,who is considered to be the mother of rapso,f
730,train24945,who decides to accompany dorothy as she journeys south in the wonderful wizard of oz,f
731,train24950,who plays hyde's wife on that 70's show,f
732,train24976,who was the teenage girl in mad max beyond thunderdome,f
733,train24994,who won the women's rugby world cup 2017 semi-final,f
734,train24998,who is the actress in will and grace,f
735,train25034,who ends up together in how i met your mother,f
736,train25042,who plays anastasia's mom in fifty shades of grey,f
737,train25043,who is the actress who played ophelia on the royals,f
738,train25065,what is earl's last name in me and earl and the dying girl,f
739,train25076,who is the actress in the movie hitch,f
740,train25107,who is the girl in freddy vs jason,f
741,train25108,who played the queen in the movie queen elizabeth,f
742,train25310,who is the girl in she's so mean video,f
743,train25334,who plays aunt val in friday night dinner,f
744,train25340,us actress who starred in cocktail the saint,f
745,train25402,who was the girl in the wonder years,f
746,train25408,who wrote loving her was easier than anything i'll ever do again,f
747,train25418,who is the woman in the new gtech advert,f
748,train25426,who played mrs. rayburn on leave it to beaver,f
749,train25437,who plays mrs dunbar on rules of engagement,f
750,train25465,who sang the song who's that lady,f
751,train25534,who played ricky's mom on silver spoons,f
752,train25852,who plays lacey's mom on anger management,f
753,train25853,who played julia roberts daughter in mother's day,f
754,train25958,who sings if it means alot to you the girl part,f
755,train26050,who sings the song i met a girl,f
756,train26108,who is the demon who killed sam and dean's mom,f
757,train26275,who plays jimmy's mother in boardwalk empire,f
758,train26298,who dies at the end of three sisters,f
759,train26308,who played charlie's mom in willy wonka and the chocolate factory,f
760,train26309,who is the girl singing in lean on major lazer,f
761,train26418,who played the mother in what's eating gilbert grape,f
762,train26513,who is the lady on the australian 5 dollar note,f
763,train26594,who is the actress that plays lily on modern family,f
764,train26624,who played ms. parker in the movie friday,f
765,train26646,girl with two heads who controls the body,f
766,train26737,who played ross's girlfriend julie on friends,f
767,train26775,who is known as the first lady of indian cinema,f
768,train26791,who killed the wicked witch of the west,f
769,train26806,who played greg's mother in dharma & greg,f
770,train26809,what is jorge last name from 90 day fiance,f
771,train26833,prem ratan dhan payo actor and actress name,f
772,train26862,who plays the quiet asian girl in pitch perfect,f
773,train26864,who sings friend don't take her she's all i've got,f
774,train26867,who sings tell me have you seen her,f
775,train26874,who plays the eldest daughter in madam secretary,f
776,train26925,who played adam sandler's daughter in click,f
777,train27060,who won the women's elimination chamber 2017,f
778,train27095,who is the actress that played janice on friends,f
779,train27117,who was the first female latino military pilot,f
780,train27119,who is the girl on god friended me,f
781,train27146,actress who plays trixie on call the midwife,f
782,train27173,who helps mae get her job at the circle,f
783,train27177,who plays noah's girlfriend on the young and the restless,f
784,train27182,who is the female host of whose line is it anyway,f
785,train27266,who played hercules wife in the 2014 movie,f
786,train27268,who played miss yvonne on pee wee's playhouse,f
787,train27277,who pays the us women's soccer team,f
788,train27293,who did lady gaga do a duet with,f
789,train27331,who is the pink hair girl in sailor moon,f
790,train27334,who is the hostess on the gong show,f
791,train27348,who was the girl that played in flashdance,f
792,train27368,who is the goalie for the us women's soccer team,f
793,train27376,who is the actress who plays trubel in grimm,f
794,train27382,who sings do you think im a nasty girl,f
795,train27393,who played walt in the movie forever my girl,f
796,train27397,who was the first black woman to win a grammy,f
797,train27434,who wrote the song queen of the silver dollar,f
798,train27466,who is the actor who plays elvis in our girl,f
799,train27469,who plays riley matthews in girl meets world,f
800,train27527,who played lucy's sister in twin peaks,f
801,train27537,who is the little girl in gone baby gone,f
802,train27553,who played cory matthews in girl meets world,f
803,train27559,who played the twins in miss peregrine's home,f
804,train27572,who plays the lizard lady on doctor who,f
805,train27599,who plays jerry's daughter millicent on parks and recreation,f
806,train27606,who played the youngest girl in the sound of music,f
807,train27659,who sings the girl part in paris by the chainsmokers,f
808,train27694,who is the girl who sings like a g6,f
809,train27728,who is the little girl who danced with gene kelly in anchors aweigh,f
810,train27760,who plays the soccer coach in bad moms,f
811,train27762,who played the mom in charlotte's web,f
812,train27790,who designed the mother and child logo in 1967,f
813,train27792,who made the song i'm a barbie girl,f
814,train27835,who was originally regarded as wife of saturn,f
815,train27854,who played sully in dr quinn medicine woman,f
816,train27901,who owns gold strike casino in tunica ms,f
817,train27906,who wrote the song i'm every woman,f
818,train27957,who plays the daughter in paranormal activity 2,f
819,train27999,actress who played cleopatra in carry on film,f
820,train28043,who plays the girl in the longest ride,f
821,train28053,who played the log lady on twin peaks,f
822,train28091,who sings she's just a small town girl,f
823,train28201,who gave susan a kidney in desperate housewives,f
824,train28216,who plays clay's wife on one tree hill,f
825,train28233,who plays the mom in zack and cody,f
826,train28304,who plays adam on the tv show mom,f
827,train28385,who makes women's shoes with red soles,f
828,train28412,who is the girl in she's so lovely video,f
829,train28415,who sings the music in queen of the damned,f
830,train28454,actress who played young celie in color purple,f
831,train28459,who played mrs elkins on dennis the menace,f
832,train28463,who played willow's wife in the movie willow,f
833,train28466,who is the leader of the ms state senate,f
834,train28470,who has won gyanpeeth award for her book yama,f
835,train28540,who is ranked first in women's tennis,f
836,train28566,who plays danny's wife on love thy neighbor,f
837,train28571,who played mike franks daughter in law on ncis,f
838,train28594,who is the girl wolverine fights in x2,f
839,train28617,who played moby in how i met your mother,f
840,train28670,who avenges the death of the female warrior camilla,f
841,train28672,who played mrs slocombe in are you being served,f
842,train28690,who plays bill's mother on big love,f
843,train28710,who starred in the french lieutenant's woman,f
844,train28752,who sings the song i really miss you brandy,f
845,train28776,who played the witch in hansel and gretel,f
846,train28803,who is the girl in lay it down video,f
847,train28805,who is the author of girl on the train,f
848,train28821,who sings the parts in i miss you blink 182,f
849,train28872,who is the oldest of the braxton sisters,f
850,train29029,who won the gold medal in common wealth games 2018 badminton women's singles,f
851,train29079,who was the witch in pirates of the caribbean,f
852,train29085,who was the first indian actress to receive the padma shri award,f
853,train29105,who won the 2014 australian open women's singles badminton championship,f
854,train29116,who played miss plum on little house on the prairie,f
855,train29127,who played chrissa in the american girl movie,f
856,train29218,who played tyree in she wore a yellow ribbon,f
857,train29222,who won the australian women's open tennis tournament,f
858,train29268,who played bobby ewing's wife on dallas,f
859,train29276,who did hunters mom kill in home and away,f
860,train29281,who plays suranne jones mother in scott & bailey,f
861,train29361,who play as sister charlotte in annabelle creation,f
862,train29428,who won the femina miss india world in 2015,f
863,train29460,who is the atlantis girl in justice league,f
864,train29477,who built the women's movement into a national organization,f
865,train29482,who was the first woman councilor of manila,f
866,train29543,what was moses wife name in the bible,f
867,train29558,who wrote do you know what it means to miss new orleans,f
868,train29574,who is the actress that plays amara on supernatural,f
869,train29642,the protagonist in ramayana whose wife is abducted by the demonking of lanka ravana,f
870,train29660,who played libby on sabrina the teenage witch,f
871,train29726,who plays the invisible woman in fantastic four,f
872,train29751,who played aunt rose in the krays film,f
873,train29753,who plays the grandma in the wells fargo commercial,f
874,train29760,who is the girl in overly attached girlfriend,f
875,train29808,who played claudia in how i met your mother,f
876,train29822,who voiced ted in how i met your mother,f
877,train29881,who sings the happiest girl in the whole usa,f
878,train29936,who is the first woman from africa to have won the nobel peace prize,f
879,train29946,who is the mother of harry bosch's daughter,f
880,train29971,pardes mein hai mera dil actress real name,f
881,train30084,who played sergeant carter's girlfriend on gomer pyle,f
882,train30103,who plays the hot girl who sells purses,f
883,train30145,who was the little girl in star trek voyager,f
884,train30204,who is the white girl from the drive time commercial,f
885,train30234,who played john connor's mother in terminator,f
886,train30253,how old is the actress who plays mary in coronation street,f
887,train30258,who does bo end up with in lost girl,f
888,train30272,who wrote the song that's alright mama,f
889,train30277,who does the voice for mrs potato head,f
890,train30286,the girl who played kate in my sister's keeper,f
891,train30356,who is the actress that plays ziva on ncis,f
892,train30435,who played mrs harris in anne of green gables,f
893,train30450,who played carl's grandmother on mike & molly,f
894,train30496,who plays jason in the good wife season 7,f
895,train30502,who won the women's cricket world cup held in 2013,f
896,train30581,who plays bonnie's grandma on vampire diaries,f
897,train30666,who plays brenda's mom on six feet under,f
898,train30673,who plays theresa on queen of the south,f
899,train30674,who is the actress that played marty mcfly's mother,f
900,train30769,who is the actress that plays quinn in glee,f
901,train30786,who painted the last supper for the convent of santa maria delle grazie in milan,f
902,train30803,who is the actress that played i dream of jeannie,f
903,train30817,who was the mom in malcolm in the middle,f
904,train30830,who played sissy spacek's mother in carrie,f
905,train30853,who played florence's mother on the jeffersons,f
906,train30868,who played miss celie in the color purple,f
907,train30898,who did richard pryor play in lady sings the blues,f
908,train30900,who plays the rock's girlfriend on ballers,f
909,train30908,who plays mick carter's wife in eastenders,f
910,train30917,who sings the girl part in we made you by eminem,f
911,train31052,who played the girl in the movie orphan,f
912,train31071,who sings the song tell laura i love her,f
913,train31106,who did lady gaga write you and i about,f
914,train31136,who is the woman speaking in beyonce flawless,f
915,train31137,who does babar the elephant marry and what was her name,f
916,train31204,who wrote my little girl by tim mcgraw,f
917,train31205,first name of edgar lintons sister abused by heathcliff,f
918,train31226,who plays carly's mom on general hospital,f
919,train31231,who played the president in the movie first daughter,f
920,train31236,who is the actress that plays shae in game of thrones,f
921,train31245,who wrote playing with the queen of hearts,f
922,train31289,who took their shirt off in women's soccer,f
923,train31337,who was the most well known real life rosie the riveter what was her job during wwii,f
924,train31348,who played brian in dr quinn medicine woman,f
925,train31379,who played mrs tibbs in the heat of the night,f
926,train31399,who played the old lady rose in titanic,f
927,train31408,who is the girl in willy wonka that chews gum,f
928,train31525,who is the female ring announcer for wwe,f
929,train31548,who has been chosen for best supporting actress in 64th national filmfare award,f
930,train31559,who is the actress in the realtor.com commercial,f
931,train31575,who plays daphne in what a girl wants,f
932,train31613,who plays josh bryant in the princess diaries,f
933,train31616,who plays draco's mother in harry potter,f
934,train31675,who plays hunter in the girl next door,f
935,train31852,who does rory gilmore lose her virginity to,f
936,train31890,who was the leading lady in the ten commandments,f
937,train31910,who won the australian open women's title,f
938,train31912,movie about a woman who kidnaps a writer,f
939,train31950,who played the mother on the partridge family,f
940,train31981,who played the step sister in ella enchanted,f
941,train32077,who won the women's college basketball championship 2018,f
942,train32212,who plays finch's mom in american reunion,f
943,train32226,who plays sister monica joan in call the midwife,f
944,train32238,who is the main character in girl meets world,f
945,train32261,who plays megan hunt's mother in body of proof,f
946,train32358,who was the first latino female fighter pilot,f
947,train32410,who sings she's just a devil woman,f
948,train32479,who is the australian actress in orange is the new black,f
949,train32490,who sings with patrick swayze in she like the wind,f
950,train32492,who plays uma thurman's daughter in kill bill,f
951,train32518,who played mrs wembley in on the up,f
952,train32545,who played empress katia on drop dead diva,f
953,train32595,who plays jack porter's mother in revenge,f
954,train32597,who played the french girl in gossip girl,f
955,train32599,who is the female singer in major lazer,f
956,train32618,who was she's always a woman to me written about,f
957,train32650,who plays miss frost in die another day,f
958,train32710,who did lady gaga write a million reasons about,f
959,train32714,who is the actress in the good place,f
960,train32748,who is the girl in liar liar in the elevator,f
961,train32883,who wrote the book are you my mother,f
962,train32907,who sang have you ever really loved a woman,f
963,train32923,who plays lois lane's sister on supergirl,f
964,train32945,who was the first black woman who refused to give up her seat,f
965,train32967,the little girl who lives down the lane ending,f
966,train33036,who is the girl who sings in macarena,f
967,train33042,who is miss sue in the blind side,f
968,train33198,who played bob in elvira mistress of the dark,f
969,train33226,who made her first film debut as a pink lady in the film 'grease 2,f
970,train33235,who are the girl dancers in blurred lines,f
971,train33262,who started a society for widow remarriage in 1866 in maharashtra,f
972,train33275,ek tha raja ek thi rani serial actress real name,f
973,train33277,actresses who played margo hughes on as the world turns,f
974,train33286,who dies in season 7 of army wives,f
975,train33290,who was the second female prime minister of a caribbean country,f
976,train33376,who wrote the song she's a lady,f
977,train33444,who sang the song it's cheaper to keep her,f
978,train33473,who was the girl in the movie cocktail,f
979,train33565,who plays the big deer on open season,f
980,train33570,who played the female lead role in the movie 'bobby',f
981,train33616,who plays ted in how i met your mother,f
982,train33648,who is the girl that played in bridge to terabithia,f
983,train33724,who won the women's wimbledon championship 2013,f
984,train33757,who was the 1st woman to serve in a president's cabinent and what position did she have,f
985,train33797,who is the queen of the jungle animal,f
986,train33846,who has won queens and wimbledon in the same year,f
987,train33848,who sang it only takes a minute girl,f
988,train33987,who was the girl who was blind and deaf,f
989,train34062,who played joey's girlfriend kathy on friends,f
990,train34083,name the first woman who become the first president of nepal,f
991,train34139,who is the girl that sings with toby mac,f
992,train34255,who played johnny sacks wife on the sopranos,f
993,train34256,who played henry viii in the other boleyn girl,f
994,train34335,who wrote she even woke me up to say goodbye,f
995,train34339,who played preston burke's mother on grey's anatomy,f
996,train34430,actress who played violet in american horror story,f
997,train34434,who killed the girl in the movie horns,f
998,train34496,who won the women's premier league 2017,f
999,train34552,who played alice tinkers sister in vicar of dibley,f
1000,train34587,who plays mrs waterford in handmaid's tale,f
1001,train34607,who plays the girl in the cutting edge,f
1002,train34608,who sang the songs in sister act 2,f
1003,train34631,who plays the main girl in sandlot 2,f
1004,train34678,who played mrs. hathaway on the beverly hillbillies,f
1005,train34707,who wrote you're going to lose that girl,f
1006,train34714,brand name for the daughter of a chicago bakery chain owner,f
1007,train34726,who is pebbles and bam bam's daughter,f
1008,train34735,what is jojo's last name from dance moms,f
1009,train34760,seinfeld name sounds like a female body part,f
1010,train34764,who plays mrs claus in santa paws 2,f
1011,train34774,who played apollo creed's wife in rocky 2,f
1012,train34779,who is the actress that plays michonne on the walking dead,f
1013,train34805,who sang more than a woman to me,f
1014,train34858,who played hannah booth's girlfriend on bones,f
1015,train34880,who played the milk lady in open all hours,f
1016,train34894,who was pandora and why was she created,f
1017,train34903,who is the girl that plays in the movie shooter,f
1018,train34920,who played brad on sabrina the teenage witch,f
1019,train35030,who does emma end up with in every witch way season 4,f
1020,train35152,who consider public opinion as the mistress of success,f
1021,train35186,who played the daughter in the american president,f
1022,train35203,who played the bradley sisters on petticoat junction,f
1023,train35205,who is the girl on lets make a deal,f
1024,train35256,who was the first published american female writer,f
1025,train35300,who plays princess unikitty in the lego movie,f
1026,train35326,who played the doctor in death becomes her,f
1027,train35382,who won the first women's world series,f
1028,train35392,who played mrs. crabtree on the our gang,f
1029,train35436,who sings the song she so high above me,f
1030,train35437,who helped corrie find the ration cards she needed,f
1031,train35498,who played elizabeth ross's girlfriend on friends,f
1032,train35528,who played the girl in the thriller video,f
1033,train35548,who did the music for the princess bride,f
1034,train35552,who sings love is on the way from first wives club,f
1035,train35594,who is known as the queen of country music,f
1036,train35611,actress who plays leah in home and away,f
1037,train35623,who is the chinese girl in rush hour 2,f
1038,train35626,who played the wife on the joey bishop show,f
1039,train35709,who played the waitress in the movie michael,f
1040,train35763,who played tracy jordan's mom on 30 rock,f
1041,train35782,who sings when you're in love with a beautiful woman,f
1042,train35811,who played mrs lesh on the andy griffith show,f
1043,train35894,who sings american woman stay away from me,f
1044,train35924,who plays clint on how i met your mother,f
1045,train35933,who played mrs. bellows on i dream of jeannie,f
1046,train35947,who played honey in how i met your mother,f
1047,train35982,who is gamora's sister in guardians of the galaxy,f
1048,train36059,how did denver get her name in beloved,f
1049,train36130,who sings just one of those days that a girl goes through,f
1050,train36154,who is the actress who plays ginny weasley,f
1051,train36185,who plays ranjit in how i met your mother,f
1052,train36196,who played the female lead role in the 1952 film '5 fingers',f
1053,train36202,who painted la primavera a painting of the roman goddess flora,f
1054,train36229,who is the actress in my cousin vinny,f
1055,train36369,who plays stuart minkus in girl meets world,f
1056,train36381,who is the blue haired girl in fairy tail,f
1057,train36429,what is the name of the queen in snow white,f
1058,train36493,who wins the 2017 australian open women's single title,f
1059,train36536,who played the little sister in sixteen candles,f
1060,train36561,who wrote i want it all by queen,f
1061,train36619,who is jessica simpson's sister married to,f
1062,train36671,who killed will jackson's wife in wentworth,f
1063,train36705,who played sonny's wife in dog day afternoon,f
1064,train36769,who attended the 1956 academy awards less than a month before becoming a princess,f
1065,train36779,who plays lady sif in agents of shield,f
1066,train36809,jai kanhaiya lal ki actress maya real name,f
1067,train36822,who played the princess in the pink panther,f
1068,train36849,who was the first person killed in the salem witch trials,f
1069,train36859,who has won the 2018 women's singles title in the australian open 2018,f
1070,train36871,who plays miss minchin in a little princess,f
1071,train36912,who played the female russian spy on hogan heroes,f
1072,train36935,who played fez's girlfriend caroline on that 70 show,f
1073,train36962,who played sam tyler's mom in life on mars,f
1074,train37030,who does tess end up with on mcleods daughters,f
1075,train37036,who were the bronte sisters and what did they write,f
1076,train37045,who played the little girl in jersey girl,f
1077,train37066,what is the queen of spain's name,f
1078,train37114,who sings if you see her with reba,f
1079,train37122,who does molly marry in wives and daughters,f
1080,train37137,whats the name of the daughter in the addams family,f
1081,train37178,who sang never seen a girl like you before,f
1082,train37279,the girl who leapt through time who is the aunt,f
1083,train37344,what was the drivers name on driving miss daisy,f
1084,train37383,name of the waitress on it's always sunny,f
1085,train37385,who plays the scarlet witch in marvel movies,f
1086,train37441,who plays kate mom in john tucker must die,f
1087,train37522,who is the girl in the video just the way you are,f
1088,train37523,who plays sister julienne in call the midwife,f
1089,train37571,who played tony montana's mother in scarface,f
1090,train37590,who played the youngest daughter on the brady bunch,f
1091,train37600,who plays jack's daughter on without a trace,f
1092,train37627,who plays the grandma on big city green,f
1093,train37680,who sang sister mary robert in sister act,f
1094,train37681,who sang i wanna be bobby girl,f
1095,train37687,english queen who never set foot in england,f
1096,train37793,who is the girl in the jergens commercial,f
1097,train37841,who was the girl in ernest saves christmas,f
1098,train37850,who plays the waitress on it's always sunny in philadelphia,f
1099,train37898,who is the girl in more than you know song,f
1100,train37946,who were the two female governors of texas,f
1101,train37955,who won the best actress award in filmfare 2018,f
1102,train37989,who played jake russell in the good witch,f
1103,train37993,who plays daniel faraday's mother on lost,f
1104,train38078,who wrote how can i miss you when you won't go away,f
1105,train38147,who was the first woman executed in georgia,f
1106,train38175,who plays maddie hayward on the good wife,f
1107,train38214,necessity is the mother of invention who said this,f
1108,train38215,who won the ncaa women's volleyball championship,f
1109,train38236,who is the girl in the movie labyrinth,f
1110,train38264,who played patrice in how i met your mother,f
1111,train38286,who is the actress in guest in london,f
1112,train38508,who played murray's wife on the mary tyler moore show,f
1113,train38549,who starred in funny girl with barbara streisand,f
1114,train38589,who is the sun goddess in greek mythology,f
1115,train38593,who is the sister in my sister is among them,f
1116,train38652,kaun hai jo sapno mein aaya movie actress name,f
1117,train38673,actress who played angel in home and away,f
1118,train38704,who is the female guitarist in this is it,f
1119,train38728,who is the girl in marc anthony video you sang to me,f
1120,train38758,who wrote the song god your mama and me,f
1121,train38797,who plays miss pierce in foyle's war,f
1122,train38828,who is the woman in the shop bells of st john,f
1123,train38930,who owns the four queens in las vegas,f
1124,train38939,who played the nun on grounded for life,f
1125,train38971,who was the first person executed in the salem witch trials,f
1126,train38985,who played daniel's daughter on days of our lives,f
1127,train38993,who played the pigeon sisters on the odd couple,f
1128,train39013,who played the priest in ryan's daughter,f
1129,train39040,who plays chloe's mom on days of our lives,f
1130,train39233,who wrote the song my girl by the temptations,f
1131,train39284,who was the last woman to be hanged in ireland,f
1132,train39312,who played the mom on leave it to beaver,f
1133,train39353,who played the blind girl in fantastic four,f
1134,train39372,who played ray finkle's mom in ace ventura,f
1135,train39384,who plays princess amber in the shannara chronicles,f
1136,train39387,who plays mcgarrett's girlfriend on hawaii five o,f
1137,train39413,who plays dr cox's wife in scrubs,f
1138,train39414,actress who links the west wing top of the lake and the handmaids tale,f
1139,train39422,who was the first woman elected governor of texas,f
1140,train39436,who is first indian woman to climb mount everest,f
1141,train39443,who won the women's hockey olympics 2014,f
1142,train39482,who won the women's college world series in 2016,f
1143,train39541,who is the female singer in i'm an albatraoz,f
1144,train39567,who is the actress in the fifth element,f
1145,train39587,the renown ballet dancer who was known for her dying swan performance was,f
1146,train39600,what is the name of the nz women's cricket team,f
1147,train39621,who sang queen of the night in amadeus,f
1148,train39630,who was the woman who ran the washington post,f
1149,train39638,who is the voice of miss frizzle on the magic school bus,f
1150,train39713,who played the mother in the wonder years,f
1151,train39720,who is wennerstrom in the girl with the dragon tattoo,f
1152,train39741,who plays mike's mom on stranger things,f
1153,train39747,who is the lady in the dark is rising,f
1154,train39796,aisi deewangi dekhi nahi kahi serial actress name,f
1155,train39826,who sang i left her by the river,f
1156,train39860,who plays will ferrell's wife in get hard,f
1157,train39893,who is lady in waiting to the queen,f
1158,train39904,who sang to know her is to love her,f
1159,train39916,who won the 2018 us open women's,f
1160,train39929,actress who played claire in six feet under,f
1161,train39934,who is the girl tony soprano meets in vegas,f
1162,train39954,who is the youngest of the kardashian sisters,f
1163,train39998,who played ian holt on drop dead diva,f
1164,train39999,who wrote girl crush for little big town,f
1165,train40009,who plays the director of funny girl in glee,f
1166,train40210,who played josh in sabrina the teenage witch,f
1167,train40246,who played the role of princess in kingsman,f
1168,train40280,who played the mother on how i met your,f
1169,train40323,who plays trish's mom on jessica jones,f
1170,train40340,who was the girl in the opening scene of jaws,f
1171,train40344,who sang the original captain of her heart,f
1172,train40391,what is the name of nigeria president wife,f
1173,train40585,who played tamerlan's wife in patriots day,f
1174,train40657,who played fanny brice in funny girl on broadway,f
1175,train40680,who does the voice of aunt fanny in robots,f
1176,train40685,who is the girl in love in an elevator,f
1177,train40765,who plays the girl ghost in harry potter,f
1178,train40811,who played the witch in pirates of the caribbean,f
1179,train40872,who is anna devane daughter on general hospital,f
1180,train40924,who played stanley's daughter in the office,f
1181,train41168,who played the youngest girl in the brady bunch,f
1182,train41217,who played johnny allen's daughter in eastenders,f
1183,train41235,who is the actress that plays the mom on the goldbergs,f
1184,train41299,who played the daughter in the addams family,f
1185,train41324,who played sara crewe in a little princess,f
1186,train41333,actress who plays rose in jane the virgin,f
1187,train41381,who married their half sister in the bible,f
1188,train41421,who did mary tudor sister of henry viii marry,f
1189,train41427,who plays white josh on crazy ex girlfriend,f
1190,train41502,who played inigo montoya in the princess bride,f
1191,train41546,who plays the daughter in the movie the house,f
1192,train41596,who played fancy mom on the jamie foxx show,f
1193,train41607,name of the actress in student of the year 2,f
1194,train41612,who won the women's doubles at wimbledon 2017,f
1195,train41654,who sang i was made to love her,f
1196,train41708,who is the actress that plays dabby on disjointed,f
1197,train41772,who plays andrea's sister in the walking dead,f
1198,train41780,who played miss jean brodie in the tv series,f
1199,train41831,who played princess summer fall winter spring on howdy doody,f
1200,train41844,who wrote queen of my double wide trailer,f
1201,train41867,who played emma watson's mother in the circle,f
1202,train42001,who sings with nickelback in she keeps me up,f
1203,train42056,who is the longest reigning wwe women's champion,f
1204,train42060,who plays the wildling woman in game of thrones,f
1205,train42093,who is lyra's mother in the golden compass,f
1206,train42132,who does oliver queen marry in the arrow,f
1207,train42175,who plays tony stark's mom in civil war,f
1208,train42197,who plays walter denton on our miss brooks,f
1209,train42204,who played mel gibson's wife in signs,f
1210,train42226,who played joy's mother on hot in cleveland,f
1211,train42334,who sings someday lady you'll accomp'ny me,f
1212,train42341,who won the women's asia t20 cup 2018,f
1213,train42344,who played leo's daughter on west wing,f
1214,train42353,who plays princess jasmine on once upon a time,f
1215,train42358,who is the lead actress in jurassic world,f
1216,train42411,who sang this girl is a woman now,f
1217,train42469,who was the first female amputee to climb mount everest,f
1218,train42480,who played the orion girl in star trek,f
1219,train42496,who is the actress that plays debbie gallagher,f
1220,train42498,who sings the song i kissed a girl and i liked it,f
1221,train42519,who did our lady of knock appear to,f
1222,train42522,what is the name of the girl chipmunks,f
1223,train42540,who plays the nun on orange is the new black,f
1224,train42554,where are we now video who is the girl,f
1225,train42599,who plays the mayor in the good witch,f
1226,train42644,who is the actress who plays v on shameless,f
1227,train42662,who played the mother in yankee doodle dandy,f
1228,train42682,who shot dexter's sister in season 4,f
1229,train42719,who plays lucas friar on girl meets world,f
1230,train42749,who played the little girl on the bernie mac show,f
1231,train42772,who did robin stalk in how i met your mother,f
1232,train42774,who plays pam's grandma in the office,f
1233,train42870,who sings the song this little girl is mine,f
1234,train42890,who played the female stormtrooper in the force awakens,f
1235,train42895,who sang the song queen of my heart,f
1236,train42929,who plays mercy's girlfriend on orange is the new black,f
1237,train42974,who is the girl who sang with eminem on saturday night live,f
1238,train42998,who is on the queen is dead cover,f
1239,train43006,who played ms darbus in high school musical,f
1240,train43019,who won the women's wimbledon championship 2015,f
1241,train43026,who played princess jelly in carry on up the khyber,f
1242,train43053,who did james bond marry in on her majesty's secret service,f
1243,train43122,who played the oldest daughter in the partridge family,f
1244,train43168,who was locked in the basement on desperate housewives,f
1245,train43183,who owns the alluvian hotel in greenwood ms,f
1246,train43217,who is credited with starting the second wave of the women's rights movement in the united states,f
1247,train43232,who won the ladies roar of the rings,f
1248,train43368,who played churchill's wife in the crown,f
1249,train43433,who sings the song that girl is poison,f
1250,train43476,who played edward 40 hands how i met your mother,f
1251,train43576,who is the girl in far east movement like a g6,f
1252,train43589,who is the girl dancing with pitbull in timber,f
1253,train43598,who plays alba in the time traveler's wife,f
1254,train43644,who becomes badnaam for her darling according to the song in dabangg,f
1255,train43820,who is the sportscaster that bit the lady,f
1256,train43823,who is the female singer in all that remains,f
1257,train43931,who achieved international fame as a drag queen,f
1258,train43946,who did nate archibald date in gossip girl,f
1259,train43954,who plays lilith as a little girl in supernatural,f
1260,train43979,who is the new girl on breakfast television,f
1261,train44015,who plays seth rogen's wife in neighbors,f
1262,train44026,who was the first woman to be sent into space,f
1263,train44069,who is the lead singer for iron maiden,f
1264,train44072,who is the scottish girl on the wright stuff,f
1265,train44085,who is the movie gone girl based on,f
1266,train44113,who plays captain in how i met your mother,f
1267,train44201,who was the first african amercian woman to be crowned miss america,f
1268,train44202,who is the actress who plays po on teletubbies,f
1269,train44203,who is the girl in janie's got a gun,f
1270,train44234,who kissed the girl and made them cry,f
1271,train44281,who plays ashley cowgills wife in happy valley,f
1272,train44424,who played that girl in the tv series,f
1273,train44426,who is the girl in crawling linkin park video,f
1274,train44427,who was the mom on sweet life of zack and cody,f
1275,train44454,who built the basilica of our lady of guadalupe,f
1276,train44481,who played tony blair in the film the queen,f
1277,train44502,who played ma in every which way but loose,f
1278,train44504,who played grandma pearl in big fat liar,f
1279,train44529,who plays jane's mother in jane the virgin,f
1280,train44539,who played the little girl in the original exorcist,f
1281,train44616,who is the congresswoman that wears cowboy hats,f
1282,train44711,who played the little girl in worzel gummidge,f
1283,train44738,who is the woman on the surfer rosa album cover,f
1284,train44746,when does barney find out who the mystery girl is,f
1285,train44876,who sings you must be a special lady and a very exciting girl,f
1286,train44927,who played miles on sabrina the teenage witch,f
1287,train44937,who plays young lily bass in gossip girl,f
1288,train45010,who plays roseanne's mom on the show,f
1289,train45033,who played roger's wife on what's happening,f
1290,train45082,who was the actress that died in a skiing accident,f
1291,train45097,who was the woman that died at chappaquiddick,f
1292,train45132,who plays the witch in the last witch hunter,f
1293,train45137,who plays the queen in the musketeers bbc,f
1294,train45150,who sings who's making love to your old lady,f
1295,train45270,who played the aunts in james and the giant peach,f
1296,train45321,who is the actress that plays mary jane in spiderman,f
1297,train45362,who is the actress who plays estelle on friends,f
1298,train45363,who plays leslie mann's daughter in blockers,f
1299,train45392,what is the name of a female donkey,f
1300,train45603,who plays miss hardbroom in the worst witch,f
1301,train45623,who played the bride of frankenstein in the original movie,f
1302,train45726,actress who played the bionic woman in the seventies,f
1303,train45745,who is the lady in the hughesnet commercial,f
1304,train45796,ex wives of rock who were they married to,f
1305,train45846,who plays sister winifred in call the midwife,f
1306,train45911,who plays rachel's mom in season 2 of friends,f
1307,train45918,who has been the wife and mother of a us president,f
1308,train45919,who is the first woman ias officer in india,f
1309,train45939,who plays tom's wife on parks and recreation,f
1310,train45941,who plays the snow queen in once upon a time,f
1311,train45951,who wrote she used to love me alot,f
1312,train45992,who is the girl moaning in more human than human,f
1313,train46019,who played ted's sister on how i met your mother,f
1314,train46096,who sings mama can't buy you love,f
1315,train46183,who was the first african american female writer,f
1316,train46214,who plays grandma on fresh off the boat,f
1317,train46236,who was the female lead in top gun,f
1318,train46300,who is the actress playing hayden on general hospital,f
1319,train46343,who sang the song she thinks i still care,f
1320,train46373,who played zelda on sabrina the teenage witch,f
1321,train46434,who played the punk girl in freaks and geeks,f
1322,train46547,who is miss brooke on the skechers commercial,f
1323,train46566,who plays james corden's sister in gavin and stacey,f
1324,train46577,the girl who were kidnapped for 10 years,f
1325,train46582,who won the oscar for best actress in 2012,f
1326,train46595,who plays william wallace's wife in braveheart,f
1327,train46614,who is the first lady train driver in india,f
1328,train46621,in wuthering heights what is the first name of miss earnshaw,f
1329,train46637,who sings she left the suds in the bucket,f
1330,train46654,who sings i did it for the girl,f
1331,train46690,who is girl in luis fonsi despacito video,f
1332,train46722,who plays the mom in fresh off the boat,f
1333,train46838,who is the actress that played jenny in beverly hills cop,f
1334,train46847,who wrote miss peregrine's home for peculiar,f
1335,train46868,what is the name of heroine in i movie,f
1336,train46878,who sings you don't know her like i do,f
1337,train46911,who plays lily van der woodsen in gossip girl,f
1338,train46963,who plays simone canning on the good wife,f
1339,train46964,who played the bond girl in dr no,f
1340,train47040,who is the actress that plays in the movie peppermint,f
1341,train47145,name of heroine in shaadi mein zaroor aana,f
1342,train47153,who plays detective stabler's wife on law and order svu,f
1343,train47163,who plays tina in the princess and the frog,f
1344,train47184,who played the witch in hr puff n stuff,f
1345,train47209,who plays sandy rivers on how i met your mother,f
1346,train47232,who is the first female engineer in india,f
1347,train47266,who became the first scottish solo singer to make her debut in the singles chart at number one,f
1348,train47285,who was the actress in singing in the rain,f
1349,train47324,who plays the mom in everybody hates chris,f
1350,train47326,who recorded the most beautiful girl in the world,f
1351,train47350,who sings i am woman hear me roar,f
1352,train47394,who played eddie winslow's girlfriend on family matters,f
1353,train47452,who played bill paxton's fiance in twister,f
1354,train47457,who plays smash mom on friday night lights,f
1355,train47564,actress who plays shaw in person of interest,f
1356,train47612,who sings bella notte in lady and tramp,f
1357,train47642,when did queen write who wants to live forever,f
1358,train47648,who was the peasant girl who fought against england with the french troops,f
1359,train47671,who dies in girl meets world season 2,f
1360,train47738,who is beyonce talking about in her song heaven,f
1361,train47865,who is the girl in malibu most wanted,f
1362,train47881,who does the voice of mrs rabbit in peppa pig,f
1363,train47920,who did charity sell her baby to in emmerdale,f
1364,train47948,who played don on how i met your mother,f
1365,train47976,who was the old woman in phantom of the opera,f
1366,train48005,who bagged the miss universe title in may 2000 in camps,f
1367,train48026,who was the leading lady in raiders of the lost ark,f
1368,train48116,what is ralph angels real name on queen sugar,f
1369,train48158,who plays benedict arnold's wife in turn,f
1370,train48203,who plays claire's mom on modern family,f
1371,train48215,all in all azhagu raja movie actress name,f
1372,train48253,who played ross's girlfriend mona on friends,f
1373,train48282,what happens to the girl who lights a fire,f
1374,train48295,who plays the girl terminator in terminator 3,f
1375,train48300,who perform the produnova routine in her sports,f
1376,train48341,who plays max branning's wife in eastenders,f
1377,train48344,who was in the aaliyah i miss you video,f
1378,train48374,who played herman munster's wife on the munsters,f
1379,train48414,who played miss steele in sense and sensibility,f
1380,train48428,who was the first female general officer in the air force,f
1381,train48453,who hosted the table tennis 2017 itf women's world cup,f
1382,train48569,who plays rachel green's mother in friends,f
1383,train48585,who is the actress that plays gloria on modern family,f
1384,train48614,who plays cora's mother on downton abbey,f
1385,train48672,who won the women's singles wimbledon championship 2016,f
1386,train48684,who is the female singer in 10 things i hate about you,f
1387,train48809,the book one part woman has been authored by whom,f
1388,train48820,who is the woman judge listed in the old testament,f
1389,train48870,what is the name of frosty the snowman's wife,f
1390,train48879,who was the little girl in the movie them,f
1391,train48911,who played jesse's mom in breaking bad,f
1392,train48924,who played mrs howell on gilligan's island,f
1393,train48942,who is the women's basketball coach at notre dame,f
1394,train48945,who plays lucy in how i met your mother,f
1395,train48950,who is the girl in the walking after you video,f
1396,train48960,who played jackie robinson's wife in the movie 42,f
1397,train48964,who plays gabriel's mom on desperate housewives,f
1398,train48967,who wrote the song i let her lie,f
1399,train48994,who won the women's singles gold medal in tennis at the rio olympics,f
1400,train49013,where did hungry mother state park get its name,f
1401,train49039,who plays the daughter in how i met your mother,f
1402,train49069,who is the girl that sings with the chainsmokers,f
1403,train49084,who is the girl on the cover of falling in reverse album just like you,f
1404,train49108,who does david burtka play in how i met your mother,f
1405,train49112,who did uconn women's basketball lose to,f
1406,train49223,what does the name luca mean for a girl,f
1407,train49254,who plays the older sister on stranger things,f
1408,train49270,who played the mom in ferris bueller day off,f
1409,train49295,who is the girl in i knew i loved you video,f
1410,train49350,who is the actress who plays bethany in coronation street,f
1411,train49385,who sang lead on new edition candy girl,f
1412,train49417,how old is actress who plays audrey roberts,f
1413,train49422,who won us open women's singles 2017,f
1414,train49473,who played the eldest daughter in mrs. doubtfire,f
1415,train49537,who plays naomi clark's mom on 90210,f
1416,train49598,who wrote you can't blame a girl for trying,f
1417,train49600,who played aunt beru in revenge of the sith,f
1418,train49603,who owns the coral queen in the book flush,f
1419,train49607,who played the godsey's daughter on the waltons,f
1420,train49659,who plays ra's al ghul daughter in arrow,f
1421,train49688,dil toh baccha hai ji movie actress name,f
1422,train49713,who wrote the song country girl shake it for me,f
1423,train49757,who does helena bonham carter play in corpse bride,f
1424,train49774,who built the mortuary temple of queen hatshepsut,f
1425,train49875,who sings rock my world little country girl,f
1426,train49897,who is the girl singing in thunder by imagine dragons,f
1427,train49905,who is bianca and what role does she play in iago's scheme,f
1428,train49951,who is the actress that plays nell on general hospital,f
1429,train49992,who plays jacob's mom in the following,f
1430,train49997,who is known for her role in narmada bachao andolan,f
1431,train50014,who sings are you gonna be my girl,f
1432,train50090,who won the women's doubles in the french open,f
1433,train50110,who sings she's a woman by the beatles,f
1434,train50114,who plays stu's girlfriend in the hangover,f
