,text
0,who was the guy that shot himself on tv
1,who played ms pearly on friday after next
2,who was the girl that played punky brewster
3,who is langley air force base named for
4,who wrote the song the greatest man i never knew
5,who plays clay's wife on one tree hill
6,who holds the record for most mr olympia
7,who plays nate in i am not ashamed
8,who played tommy ross in the movie carrie
9,who is left on top chef season 15
10,who played ice tray on fresh prince of bel air
11,who wrote the song i'm on fire
12,who sings i'm going back to cali
13,who was the slytherin seeker in harry potter 1
14,who has played in manchester merseyside and glasgow derby
15,who is the female dancer in dirty dancing
16,every rapper's name that starts with lil
17,who plays chelsea's mom on young and the restless
18,who did batman fight in marvel vs dc
19,who plays kyle in the following season 3
20,who led the russian peasant rebellion of the 1770s
21,who plays the black knight in monty python
22,who is the actor on the carmax commercials
23,who played phoebe's brother's wife on friends
24,who wrote the loneliness of the long distance runner
25,who wrote the song try a little kindness
26,who plays johanna in sweeney todd the movie
27,who played anne neville in the white queen
28,who directed butch cassidy and the sundance kid
29,who has the biggest state fair in the usa
30,where does the last name archer come from
31,who plays young tom riddle in the chamber of secrets
32,who is the laughing man in ghost in the shell
33,who is the actress that played princess leia
34,who did teddy altman marry on grey's anatomy
35,who was the leader of new zealand during ww2
36,who established the indian society of oriental art
37,who played john wayne's daughter in mcclintock
38,who sings dream weaver in the leon's commercial
39,who is the android created by noonian soong that has a cat spot
40,christmas movie about a little girl who lives in a hotel
41,american comedy actor who starred in the 1963 version of the nutty professor
42,who is in charge of purchasing in a company
43,what is the correct name for the @ symbol
44,who was the chief minister of mp during bhopal gas tragedy
45,who sang the original song our day will come
46,who did the music for pride and prejudice
47,who played lal on star trek the next generation
48,who was the foremost artist of the german renaissance
49,who is the song angel of death about
50,who is regina's dad once upon a time
51,who was the actress in singing in the rain
52,who sang the song sad movies make me cry
53,who is sara harvey in pretty little liars
54,who are the two candidates running to represent us in the 18th congressional district of pa
55,who is the pastor of temple of deliverance cogic
56,who sings are you gonna kiss me or not
57,who started the school of american ballet and the new york city ballet
58,who sings bella notte in lady and tramp
59,who is the girl dancing with pitbull in timber
60,who played daniel's daughter on days of our lives
61,who sang you dropped a bomb on me
62,paula radcliffe who wants to be a millionaire
63,who plays vincent van gogh in doctor who
64,who plays russell crowe's wife in gladiator
65,who wrote and recorded spirt in the sky
66,who is long live by taylor swift about
67,who played del preston in wayne's world
68,who was the woman that lived with the gorillas
69,who was the actress that died in a skiing accident
70,who sang little drummer boy with bing crosby
71,the basic forces that motivate a person to do something to sustain biological life
72,actress who played aunt sally in worzel gummidge
73,who won the fifa world cup 2015 men's
74,who plays the voice of pizza steve on uncle grandpa
75,where did the name short pump come from
76,who is the bad and the beautiful based on
77,who created the first monotheism known in history
78,who is the main characters in fantastic mr fox
79,who is the man that appears on the wally trophy
80,who invented the latitude and longitude grid system
81,what is the origin of the last name taylor
82,who won the first college football national title
83,who plays in the movie fifty shades of grey
84,who plays the master in buffy season 1
85,who is the guy at the end of matrix reloaded
86,who has the power to ratify a treaty
87,who was the roland garros tennis tournament named after
88,who sings i got a meeting in the ladies room
89,who ended the warring states period in china
90,who sings the song i'm way too good at goodbyes
91,who is the youngest of the kardashian sisters
92,who invented the world's first ammonia free hair color
93,who sings the theme song for the boondocks
94,who is known for her role in narmada bachao andolan
95,who is known as the first lady of indian cinema
96,who said may we never forget freedom isn't free
97,who wrote the song better man for little big town
98,how did memphis may fire get their name
99,how did the brazilian wax get its name
100,who played miss jean brodie in the tv series
101,who has a red black and green flag
102,who is the host of big beach builds
103,who played baby's mom in dirty dancing 2017
104,who does christine end up with in the phantom of the opera
105,who does lauren cohan play in the walking dead
106,who served as the first emperor of the roman empire
107,who wrote the song i never promised you a rose garden
108,who was shot at the congressional baseball game
109,who yielded his life an atonement for sin
110,in greek mythology the lover of hero who drowned while trying to swim across hellespont
111,who wrote i was born under a wandering star
112,who was the first canadian in space what does he do now
113,who is the actress in meet joe black
114,who won season 3 great british baking show
115,who voices spider man in the animated series
116,who fought on the side of the republicans in the spanish civil war brainly
117,who played lindsay on two and a half men
118,who voices bill on king of the hill
119,who sings how long has it been going on
120,who sings am i that easy to forget
121,who plays naomi clark's mom on 90210
122,who sings the song you got to keep your head up
123,who sang don't you want someone to love
124,what is the name of beethoven's only opera
125,who plays john wick on the big screen
126,who won the 2002 us open men's tennis championship
127,who sings i'm looking for a new love baby
128,who was the chola king under whose region the brihadeeswara temple of tanjore was constructed
129,who wrote the theme song to sanford and son
130,who does jackson avery end up with on grey's anatomy
131,who has the right of way at sea
132,who is captain flint based on black sails
133,who is the little girl who danced with gene kelly in anchors aweigh
134,who is jake's mom in the dark tower
135,who sang john the revelator on sons of anarchy
136,who does the voice of mr grouper on bubble guppies
137,who is should've said no written about
138,who played the original phyllis on young and the restless
139,who voices the man in the yellow hat
140,who is the lady on the australian 5 dollar note
141,what is the origin of the name imogen
142,who are the current members of little river band
143,what is the name of the black and white cows
144,who is the first lady pilot in india
145,who wrote the song one in a million
146,how did bullhead city arizona get its name
147,who played the little girl in the movie matilda
148,who plays smash mom on friday night lights
149,where did all time low get their name
150,who did gemma whelan play in game of thrones
151,who votes for nfl man of the year
152,who plays louis in ice age continental drift
153,who plays rita deveraux on ncis new orleans
154,who sang from a jack to a king
155,who played jackie laverty in line of duty
156,who played trinity in sons of anarchy season 3
157,who sings the parts in i miss you blink 182
158,who called 1857 revolt first war of independence
159,who invented the post box in victorian times
160,who is the little boy on the shining
161,who started the fire at rick's on desperate housewives
162,who founded the green party of the united states
163,who is the author of crime and punishment
164,who sings the song i really miss you brandy
165,where did the name grandfather clock come from
166,what was the name of the first rover to land on mars
167,who was born on the 3rd of january
168,who sang the original theme song for gilligan's island
169,where does the name rolling stones come from
170,who wrote the music for shakespeare in love
171,who played cory matthews in girl meets world
172,who plays merida in once upon a time
173,who was the first person to win strictly come dancing
174,who wrote the song nobody does it better
175,who is considered the founder of the child study movement
176,who is the big woman in game of thrones
177,who plays the pirate in game of thrones
178,who played sam tyler's mom in life on mars
179,who is the actress that plays alison in pretty little liars
180,who played the son in daddy day care
181,who won the women's doubles in the french open
182,who does the voice for mrs potato head
183,who is the issuing authority for california drivers license
184,who was the first black woman to win a grammy
185,who is the present judge of high court of karnataka
186,who inspired sir arthur conan doyle to write sherlock holmes
187,who is the president of miami dade college
188,who is the actress that played kimmy gibbler on full house
189,who plays rue in the hunger games film
190,who did freddy end up with in icarly
191,who devised the concept of human life value
192,where does the last name marcus come from
193,who plays luke's dad on the oc
194,who is the girl in the jergens commercial
195,who was defeated and killed in the fourth mysore war at srirangapatna
196,who was the french chef given credit for developing the classical kitchen brigade
197,who sang the sunny side of the street
198,who wrote the song all i ask by adele
199,who plays fiona's boss on shameless season 4
200,who is the actress in my cousin vinny
201,who plays leonard on sabrina the teenage witch
202,who created a statue of the idealized male thus creating the greek canon of proportions
203,who compiled the american dictionary of english language in which year
204,who has won the least amount of world series
205,who played uncle arthur in the comedy company
206,who sang i in demand i am the beat
207,who is the goddess of love in egypt
208,who does cisco turn into in the flash
209,who played rusty on the danny thomas show
210,who wrote to kill a mockingbird and in what year was it published
211,who funded the bible museum in washington dc
212,who died off fresh prince of bel air
213,who played the thin man in the tv series
214,who declared sunday as holiday for the first time in the world
215,who owns the las vegas golden knights hockey team
216,who plays professor buck awe on sesame street
217,who won the men's wimbledon championship 2016
218,swing vote movie who did he vote for
219,who played nelson mandela in the 2013 movie
220,who plays faith on buffy the vampire slayer
221,who played the guitar solo on midnight at the oasis
222,who decides the winners of the brit awards
223,nurse's real name in romeo and juliet
224,who did gloria loring play on days of our lives
225,who introduced the idea of using mass-produced interchangeable parts in manufacturing (points 3)
226,who is the goddess of the moon in greek mythology
227,who played claudia in how i met your mother
228,who played the original nick tilsley in coronation street
229,who sang we are young in the 80's
230,who played the mom on wizards of waverly place
231,who wrote the soundtrack for la la land
232,who was the first navy chief to be awarded the medal of honor
233,who played dr stephanie on big bang theory
234,who plays ryan in the movie game night
235,who created the first solid body electric guitar
236,who sang the song dama dam mast kalandar
237,who played mr dewey on saved by the bell
238,who is the girl that plays jane the virgin
239,who sings paint it black in the last witch hunter
240,who did mel in eastenders have a baby with
241,who sang shall we dance in the king and i
242,who plays the girl in the 5th wave
243,who used the word pakistan for the first time
244,who had the right in the roman republic to declare war
245,real name of gwen stacy in amazing spiderman
246,where are we now video who is the girl
247,who plays mike in how to lose a guy in 10 days
248,who does sabrina marry in sabrina the teenage witch
249,who starred in the movie benny and joon
250,who played snow queen in once upon a time
251,who wrote a short walk in the hindu kush
252,who was allowed citizenship in ancient greece and rome
253,what is the name of the queen in snow white
254,name the procedure used in the working of an artificial kidney
255,who plays mr gunderson on hell on wheels
256,who was the first female general officer in the air force
257,who came up with the phrase once upon a time
258,who plays ser barristan in game of thrones
259,who is the real drew in teardrops on my guitar
260,who played christian on one life to live
261,who was regarded as war god of rigveda
262,who plays nan in american horror story coven
263,who wrote i think it's going to rain today
264,who said we are not retreating we're advancing in another direction
265,who are hopes parents on bold and the beautiful
266,who played quincy's wife in the last ship
267,where does the name coeur d'alene come from
268,who casts the deciding vote in the senate
269,who was the first to notice that distant galaxies were red shifted with respect to closer stars
270,who was the voice of the taco bell dog
271,who played in bob carol ted and alice
272,where does the last name howell come from
273,who smuggles sansa stark out of kings landing
274,who shot rick's son in the walking dead
275,who sings it takes two to make a thing go right
276,who originally sang the song walking in memphis
277,who plays the wildling woman in game of thrones
278,who plays the psychic in grey's anatomy
279,who does john stockton's son play for
280,who sings with meatloaf on anything for love
281,who played tommy in its a wonderful life
282,who is the lead singer for iron maiden
283,who was the monk who set himself on fire
284,who sang never seen a girl like you before
285,who sings so let me go i don't want to be your hero
286,who is the original winnie the pooh voice
287,who plays jack bauer's daughter on 24
288,who played lennie briscoe on law & order
289,who is the issuing authority for texas drivers license
290,who won the femina miss india world in 2015
291,who can take communion in the lutheran church
292,who sings the song i'm just a love machine
293,who sings will you ever see the day
294,who sings the song i'm a wanderer
295,who plays rachel's boyfriend joshua on friends
296,who played worf's son in star trek the next generation
297,who plays the bad guy in the cell
298,the one who was a picture of a good neighbor in the parable of the good samaritan was
299,who is known to be the father of modern public relations
300,who is fort bragg north carolina named after
301,who plays jacks son on will and grace
302,who played compos son in last of the summer wine
303,who is the original singer of defying gravity
304,who plays donna's grandfather in doctor who
305,who became india's first woman ips officer
306,who sang all that jazz in the movie chicago
307,what do you call someone who does graffiti
308,who designed the sundial bridge in redding ca
309,who captioned italy to world cup glory in 2006
310,who becomes king of erebor when thorin dies
311,who plays melinda's husband on ghost whisperer
312,who built the temple to jupiter optimus maximus ( best and greatest ) in rome
313,who won the women's doubles at wimbledon 2017
314,who plays the scarlet witch in marvel movies
315,who sang the song hey there lonely girl
316,who has written a snake in the grass
317,who does archie end up with in the archie comics
318,who wrote the song i let her lie
319,who played pontius pilate jesus christ superstar 2018
320,who was the first black manager of a major league baseball team and what was the name of the team
321,who won the title of isl football 2016
322,who is the mayor of east brunswick nj
323,who was the first woman to be elected to parliament in australia
324,who surrendered in the battle of fort sumter
325,who refused his best actor oscar for patton
326,who is the designer of the piazza in front of st. peter's basilica
327,who wrote the song country girl shake it for me
328,who plays monk on the tv show monk
329,who had control of the senate in 2008
330,who did the music for there will be blood
331,the secret garden who does mary end up with
332,who sang i'm gonna wash that man right out of my hair
333,who drove the mellow yellow car in nascar
334,who is jessica simpson's sister married to
335,who created the island of japan by stirring the water with a spear
336,who played peter on days of our lives
337,who plays loki in son of the mask
338,who is the author of junie b jones
339,who plays tammy 2 on parks and rec
340,where does the last name esparza come from
341,who is in the my name is mud video
342,who did penny hardaway play for in the nba
343,who sings jesus at the center of it all
344,who has won the boat race more times
345,who directed in the heart of the sea
346,who plays barry's father on the flash
347,who played the banker in it's a wonderful life
348,who did steve reevis play on dances with wolves
349,who is the carlson school of management named after
350,who has held the wwe women's championship title the most
351,aisi deewangi dekhi nahi kahi serial actress name
352,who had the idea of the nobel peace prize
353,who wrote i saw god today by george strait
354,where does the name king charles spaniel come from
355,what is sailor jupiter's name in english
356,pardes mein hai mera dil actress real name
357,who played the godsey's daughter on the waltons
358,who sings i'm just a jealous guy
359,what was the name of the first ibm computer
360,who wrote fantasy by earth wind and fire
361,who was the first king of ancient india
362,who recorded the first important national garage-band hit louie louie
363,who is the mayor of santa rosa ca
364,who is opening for john mayer on his tour
365,who played the dad on that 70 show
366,who won the men's singles title of the us open tennis grand slam 2014
367,who is the actor that plays frank gallagher
368,who is the first photographer that is discussed in the reading from his in the american west series
369,who played the grandfather in willy wonka and the chocolate factory
370,who played elizabeth ross's girlfriend on friends
371,who sings tis so sweet to trust in jesus with alan jackson
372,who presides over the texas house of representatives
373,who plays alex's mom in alexa and katie
374,who is the leader of the elves in lord of the rings
375,who is gluttony in the seven deadly sins anime
376,who has driven the 2 car in nascar
377,who wants to be a millionaire phone a friend rules
378,who is summer's father on young and restless
379,who plays aiden in stuck in the middle
380,who were the three european kings who participated in the third crusade
381,who started the first catholic school in america
382,who narrates the murders in the rue morgue
383,who is the little boy in robocop 2
384,who sings the song welcome to my world
385,who was the mother on lost in space
386,who allowed the exiles to return from babylon and what nation did he rule
387,who coined the phrase the blank from hell
388,who played jill valentine in resident evil apocalypse
389,who played hades in once upon a time
390,who plays dennis on it's always sunny in philadelphia
391,who is the actress in the new fbi series
392,who plays alex rider in the movie stormbreaker
393,who is the actor that plays bjorn ironside
394,who won australia's next top model s9
395,who was the king of england during pride and prejudice
396,who has supreme power in the eastern orthodox church
397,who sings the song no more shopping sprees
398,who said we have found the enemy and it is us
399,where did the name red bull come from
400,movie about a woman who kidnaps a writer
401,who is the actor that plays lucifer on tv
402,who is the actor that plays manny on modern family
403,who sings the song i feel like bustin loose
404,who plays the prince in once upon a time
405,where is the guy who played keith on good times
406,who plays rickon stark on game of thrones
407,what is the name of the largest part of the human brain
408,who wrote the best selling book the road ahead
409,who played mike damone in fast times at ridgemont high
410,who plays chelsea on two and a half men
411,who sings i'm leaving it all up to you
412,who has been chosen for best supporting actress in 64th national filmfare award
413,who is the first master chef of india
414,who does the voice for belle in beauty and the beast
415,who voices lucifer in the devil is a part timer
416,who introduced a standardized system of weights and measures in china
417,who are the original 4 horsemen of apocalypse
418,who attended the 1956 academy awards less than a month before becoming a princess
419,in the tv series buffy the vampire slayer what is buffy's last name
420,who wrote leviathan detailing his ideas about a state of nature
421,who was in series 1 of safe house
422,who played sidney poitier's daughter in a warm december
423,who do all the swans in england belong to
424,who played colleen in dr quinn medicine woman
425,who was the us president when uncle sam got his nickname
426,who did the mende villagers turn to for help in order to return to their homes
427,who played the janitor on everybody loves raymond
428,who has won the most tennis masters titles
429,who played scott in buffy the vampire slayer
430,who sings gospel song won't he do it
431,who plays the bad guy in mad max fury road
432,who helps mae get her job at the circle
433,who killed the man on the orient express
434,what is it called when a first and last name start with the same letter
435,who was the oldest son on home improvement
436,who is the lorax and what is his role
437,who is the announcer on americas got talent
438,who is the guy who plays beck on victorious
439,who founded the royal academy of music answers.com
440,who built the kaaba stone according to the quran
441,who played teddy altman on grey's anatomy
442,who are the oldest players in the wnba
443,who sings the theme song to strike back
444,who is the guy at the end of crazy aerosmith
445,where does the name kaiser permanente come from
446,who choreographed i'm a slave 4 u
447,who developed a seed drill that planted seeds in straight rows
448,who wrote the song heaven help us all
449,who did captain ahab know opposed his pursuit of the great white whale
450,who played maureen in ricki and the flash
451,who sang i saw mama kissing santa claus
452,who plays dr. ben on the bold type
453,does mr reese died in person of interest
454,who plays the doctor in sons of anarchy
455,who won the battle between poras and sikander
456,who is the longest running character on general hospital
457,who is on the cover of nfl street 2
458,who won carrie underwood season of american idol
459,where does the last name joyce come from
460,who is considered the father of abstract art
461,who is the man on the cover of staring at the sea
462,who is the founder of famous amos cookies
463,who is the queen of the jungle animal
464,who played cloud dancing on dr. quinn medicine woman
465,who was themistocles and what did he do
466,who played harrison ford's wife in air force one
467,who was the vice president of the united states during the civil war
468,who played robert onedin in the onedin line
469,who plays stevens dad on that 70s show
470,who plays craigs dad on craig of the creek
471,who played alice garvey on little house on the prairie
472,who is the owner of urdu 1 channel
473,who is minister of magic after voldemort dies
474,who sang all i want for christmas is a beatle
475,who does oliver queen marry in the arrow
476,who is the original singer of here comes the sun
477,who sings mama can't buy you love
478,where does the last name tang come from
479,who wrote the state of the union speech
480,who sings the song don't tell me you love me
481,who is the first woman president of india national congress
482,who is the grandmother in the movie gifted
483,who won the women's asia t20 cup 2018
484,who has scored the most goals in a single match
485,who presented the last seprate rail budget of india
486,who does the coal mining safety & health act apply to
487,who makes the diesel engine for the chevy equinox
488,what is the name of new delhi airport
489,who was the witch in pirates of the caribbean
490,who played bobby ewing's wife on dallas
491,who sang papa was a rolling stone first
492,who plays dobby in harry potter and the chamber of secrets
493,who plays the little boy in shake it up
494,who played lily on the drew carey show
495,actress who played stephanie in saturday night fever
496,who wrote the book of 1&2 kings
497,who is the girl in zz top legs video
498,who sings you got the music in me
499,who played the blue ranger in power rangers
500,who served as head of the us sanitary commission
501,who has won the 2017 ecuador presidential election
502,who wrote the hymn all hail the power of jesus name
503,who is the father of seir in the bible
504,when did the british royal house change its name from saxe-coburg and gotha to windsor
505,who was the last person on the moon
506,who played edwards on little house on the prairie
507,who developed an apparatus to breathe compressed air underwater
508,who wrote the song paint me a birmingham
509,who is the oldest bank in the world
510,where did the foo fighters get their name from
511,who sings the happiest girl in the whole usa
512,what is the origin of the name jonathan
513,who wrote johnny cash's song a boy named sue
514,who played bam bam in the movie the flintstones
515,who wrote the song i'm every woman
516,who sang most beautiful girl in the world
517,who was alabama's running back last year
518,who sang the disney song when you wish upon a star
519,who is the founder of taoism and what book contains his teachings
520,who played ben parish in the 5th wave
521,who plays ruby jeffries on hart of dixie
522,who sings the song shout from animal house
523,who was responsible for developing the gurumukhi script
524,who sang the song one toke over the line sweet jesus
525,who played jack in the nightmare before christmas
526,who is the senior senator from new york
527,who made the iron throne in game of thrones
528,who sang lead vocals on blue collar man
529,who was the original singer of the song one tin soldier
530,who sings the song i think i'm in love
531,who sang the song they're coming to take me away haha
532,who writes the headlines to a news story
533,the last super continent that broke apart to form today 's landmasses is known by what name
534,where did the edmonton oilers get their name
535,who did jeff bridges play in iron man
536,who played conrad birdie in bye bye birdie
537,who wrote the song angry all the time
538,who wrote its gonna take a miracle
539,who does the voice for buzz lightyear in toy story
540,who sang i love how you love me
541,who did our lady of knock appear to
542,who did the original crazy little thing called love
543,who wrote the song you can leave your hat on
544,what is the name of the special forces in the marines
545,who sang shout in the movie animal house
546,who said don't confuse me with the facts
547,us president who has been listed on the time 100 a record 11 times
548,who is the older brother mario or luigi
549,who played count dooku in revenge of the sith
550,who presented it'll be alright on the night
551,who plays the nanny on one tree hill
552,what is the foxes name on peppa pig
553,who is the new chairman of national scheduled tribes commision
554,who jumped from the tree in a separate peace
555,who was the actor that played ponyboy in the outsiders
556,who plays vivian in fresh prince of bel air
557,who sang hakuna matata from the lion king
558,who adopted the constitution of india on 26 november 1949
559,who was the king at the time of bajirao
560,who won the men's singles in 2010
561,who wrote the song we'll meet again
562,who does the voice of the count on sesame street
563,who plays rip hunter in legends of tomorrow
564,who was griffin how did he become invisible
565,who sings ain't nothing wrong with the radio
566,who does the voice of shan yu in mulan
567,who played wayne in sometimes they come back
568,falling in love with the person who saved your life
569,who sang the original captain of her heart
570,who did the patriots beat in the last super bowl
571,who wrote what kind of man would i be
572,who established music education in the boston schools as part of every child's education
573,who won the great british bake off season 8
574,who wrote the song till there was you
575,who wrote queen of my double wide trailer
576,who is the father of the air force
577,who is trying to kill bea in wentworth
578,who was the king of england in 1755
579,who plays frankie's father in the middle
580,who is the band in a star is born
581,who sang the song respect before aretha franklin
582,who describes democracy as the tyranny of the majority
583,who played kyle hobart in sons of anarchy
584,who played the guitar solo on hot stuff
585,who sings never say never with justin bieber
586,who won the 2016 republican party precinct caucus in minnesota
587,who wrote the song baptism of jesse taylor
588,who sings i'm back on the road again
589,who is the longest serving mp in the uk
590,who wrote i've got to be me
591,who is the head basketball coach at alabama
592,who plays charlie in all dogs go to heaven
593,who are the kansas city chiefs named after
594,who played mr. rumbold in are you being served
595,who is josh matthews on girl meets world
596,who combined the electric and magnetic phenomena into one unified theory
597,who plays emily and katie's dad in skins
598,what is the original name of south africa
599,piper's real name orange is the new black
600,who played miss celie in the color purple
601,where did the name american football come from
602,who was born in 2 halves to 2 different mothers in mahabharat
603,who wrote with you from ghost the musical
604,who played mr collins in pride and prejudice
605,who becomes king after the previous one dies in the hereditary ruler system
606,who sang these boots were made for walking first
607,in crossing jordan who does jordan end up with
608,write the name of two kings of chahamanas dynasty
609,who is barbra on dancing with the stars
610,who did the chiefs beat in the super bowl
611,what was robin's name in batman and robin
612,who introduced the concept of doctrine of signature
613,what is the moms name in everything everything
614,who is attorney general of india in present
615,who sang i know him so well with elaine page
616,who played long john silver in the pagemaster
617,who is the actress who plays the mayor in blue bloods
618,who was the mom on sweet life of zack and cody
619,who is the secretary general of the un and where is he from
620,who threw the golden apple in greek mythology
621,who owns most of the wealth in america
622,who played polly in after the thin man
623,who is the guy who does vogue 73 questions
624,who played florence's mother on the jeffersons
625,who played the original mark fowler in eastenders
626,who did romeo miller play college basketball for
627,who did mos def play in cadillac records
628,what is the proper name of a foot doctor
629,who does hamlet kill first in the play
630,who was born on the 2nd of september
631,who sings come back when you grow up girl
632,who is credited with developing the periodic table
633,who plays craig in ronny chieng international student
634,who wrote the song scars to your beautiful
635,who inaugurated maharashtra state on 1 may 1960
636,who played pea eye parker in lonesome dove
637,who plays caleb rivers in pretty little liars
638,who lived in the house of the faun
639,who plays the grim reaper in billy and mandy
640,who is the only member of the 15th lok sabha to get elected to the house unopposed
641,who sings the country song i loved her first
642,who is the first woman from africa to have won the nobel peace prize
643,who is the actress who plays linda on blue bloods
644,who plays the ice queen in the lion the witch and the wardrobe
645,who has the power to create all india services
646,who found gold in the california gold rush
647,who sang the theme tune to the world is not enough
648,who is the president of tamil nadu 2017
649,who is best known as the founder of the sierra club quizlet
650,what is the prince's name in sleeping beauty
651,who is the singer in maria maria by santana
652,who plays tim mcgee's girlfriend on ncis
653,who plays the goblin in harry potter 8
654,who was billy the kid in young guns
655,who is credited with motivating the french to victory in the hundred years' war
656,who sings put me in coach i'm ready to play today
657,who plays the emperor in emperor's new groove
658,who plays phil's dad on modern family
659,who played jack in lord of the flies 1990
660,who performed with beyonce at the super bowl
661,who hit the gong on take your pick
662,who did matt forte play for last year
663,who is known as father of early modern medicine
664,who wrote much too young to feel this old
665,who sings chained to the rhythm with katy perry
666,who invented the protocol of one volt per octave
667,who sang i'll still be loving you
668,who was the first black hockey player in the nhl
669,who played alice boyfriend on the brady bunch
670,who is frank ocean thinking about you about
671,what is the name of heroine in hindi medium
672,name the folded mountains of the western cape that enclose the little karoo
673,who sings don't stop thinking about tomorrow
674,who do the kings in a deck of cards represent
675,who played phil in phil of the future
676,who was the actress that played aunt bea
677,who sang i got a brand new combine harvester
678,who wrote the song keep me hanging on
679,who is sasha on dancing with the stars engaged to
680,who sang the theme tune to dear john
681,who does the voice of lois in family guy
682,who does the voice of nala in lion king
683,what is the princesses name in the movie brave
684,who plays ruby baker in the glass house
685,who is the parent company of fox news
686,who sings theme song for sons of anarchy
687,who does the voice of trump in our cartoon president
688,who plays the mom in the fault in our stars
689,who said a family that prays together stays together
690,who sang the original version of tennessee whiskey
691,who is the original singer of galway girl
692,who sang the song 1 2 3 4
693,who is the actress playing hayden on general hospital
694,who was peter quill's dad in guardians of the galaxy
695,who plays tom's wife on parks and recreation
696,who was put in boiling oil in the bible
697,who does godzilla fight in the 2014 movie
698,who starred in the movie four for texas
699,who won the german invasion of the soviet union
700,in the lay of sir launfal who denounces sir launfal to king arthur
701,who played in the movie eve's bayou
702,who played ed hall on one life to live
703,who came up with the name united states of america
704,what is the name of the first episode in series 5 of the simpsons
705,who has the most clean sheets in the world
706,who killed jordan kalfus in man on fire
707,who is the actress that plays red on orange is the new black
708,who was the first european to discover the mississippi river
709,who won the 2018 us open women's
710,who wins season 7 of rupaul's drag race
711,who is the main character in highschool dxd
712,who topped the charts in 2002 with imagine
713,who fought the battles at trafalgar and austerlitz which side won each battle
714,who played the president in independence day 2
715,who is the drummer of the red hot chili peppers
716,where did the last name martin come from
717,who plays justin in let's be cops
718,who played charles holy roman emperor in the tudors
719,who won the ncaa women's lacrosse championship
720,who were the monkeys in the lazy song
721,who sang joshua fought the battle of jericho
722,who played general marshall in saving private ryan
723,woman who jumped off the empire state building
724,who wrote the song the shadow of your smile
725,who rebuilt kashi vishwanath mandir in 16 th century
726,who plays michelle in hot shots part deux
727,who plays beneatha in a raisin in the sun movie
728,who played chrissa in the american girl movie
729,who is emma from big brother married to
730,who is the writer of a century is not enough
731,who was the girl in the movie cocktail
732,who sang first cut is the deepest first
733,who was the youngest person elected president of united states
734,who has won the most seasons of survivor
735,who started the practice of gerrymandering back in 1812 and what state was he from
736,who is the girl in she's so mean video
737,who conceived job design as an important instrument to motivate employees
738,who has scored the most points in the ryder cup
739,who took over the direction of the st. petersburg ballet in 1869
740,who played melinda gordon's mother on ghost whisperer
741,who played the lone ranger on the greatest american hero
742,who plays the faun in pan's labyrinth
743,who sang as long as he needs me
744,who was murdered by my boyfriend based on
745,who played ainsley hayes in the west wing
746,who sang i got my eyes on you
747,who was the first woman to be nominated for best director at the academy awards
748,what is the meaning of the name akira
749,who plays lauren on the young and the restless
750,who plays olivia's brother on law and order svu
751,who was the last person publicly executed in the us
752,where does the last name walker originate from
753,who was the last emperor of the augustinian line
754,who won the women's wimbledon championship 2015
755,who is a pilot and what does he do
756,who developed the idea of garden city in england
757,who plays sister monica joan in call the midwife
758,who played tommy on 3rd rock from the sun
759,who killed the burn victim in grey's anatomy
760,who has scored the most test runs for australia
761,who married mr. wickham in pride and prejudice
762,what is the real name of mr bojangles
763,where did chip and dale dancers get their name
764,who is the oldest monarch to be crowned
765,who played charlie's mom in willy wonka and the chocolate factory
766,who sings the theme song for one on one
767,who did uconn women's basketball lose to
768,who governs a homeowners' or condominium association and its restrictions
769,who is the girl in coming to america
770,who is the drummer for noel gallagher's high flying birds
771,who is joining real housewives of beverly hills
772,what is the name of a water tornado
773,who plays earl's wife in my name is earl
774,who sang i want to walk you home
775,where does the name linkin park come from
776,who sang to know her is to love her
777,who coaches texas tech men's basketball team
778,who wrote the book my experiments with truth
779,who played rhea perlman's husband on cheers
780,who sang turn back the hands of time
781,who is the famous coach in facing the giants
782,who is considered the mother of philippine folklore
783,who sings the song i'll do anything for you
